-- phpMyAdmin SQL Dump
-- version 4.9.11
-- https://www.phpmyadmin.net/
--
-- Servidor: localhost
-- Tiempo de generación: 01-10-2025 a las 22:45:02
-- Versión del servidor: 8.0.42
-- Versión de PHP: 7.4.33

SET SQL_MODE = "NO_AUTO_VALUE_ON_ZERO";
SET AUTOCOMMIT = 0;
START TRANSACTION;
SET time_zone = "+00:00";


/*!40101 SET @OLD_CHARACTER_SET_CLIENT=@@CHARACTER_SET_CLIENT */;
/*!40101 SET @OLD_CHARACTER_SET_RESULTS=@@CHARACTER_SET_RESULTS */;
/*!40101 SET @OLD_COLLATION_CONNECTION=@@COLLATION_CONNECTION */;
/*!40101 SET NAMES utf8mb4 */;

--
-- Base de datos: `c2801446_cobros`
--

-- --------------------------------------------------------

--
-- Estructura de tabla para la tabla `clientes`
--

CREATE TABLE `clientes` (
  `id` int NOT NULL,
  `nombre` varchar(255) COLLATE utf8mb4_general_ci NOT NULL,
  `telefono` varchar(50) COLLATE utf8mb4_general_ci DEFAULT NULL,
  `direccion` text COLLATE utf8mb4_general_ci
) ENGINE=InnoDB DEFAULT CHARSET=utf8mb4 COLLATE=utf8mb4_general_ci;

--
-- Volcado de datos para la tabla `clientes`
--

INSERT INTO `clientes` (`id`, `nombre`, `telefono`, `direccion`) VALUES
(1279, 'ABRAHAN SILVINA', '3813012662', ''),
(1280, 'ABREGU GABRIELA', '3816657508', 'B° NOUGES SAN PABLO'),
(1282, 'AGUSTINA GORDILLO', '3815997344', 'B¡ ELENA WHITHE MZ T LOTE 23'),
(1283, 'ALBARRACIN ORIANA', '3816379939', 'MZ 11 LOTE 15'),
(1284, 'ALDERETE ALEJANDRO', '3814769899', 'MZ T LOTE 11'),
(1285, 'ALVAREZ CARLOS', '0', ''),
(1286, 'ARIAS ERIKA SOFIA', '3812229952', 'ALBERDI 2388'),
(1287, 'ARIAS JESUS', '3815752619', 'OLLEROS 2037'),
(1288, 'AVILA ANA BELEN', '3814138597', 'MARTIN BERHO 563 MANTIAL'),
(1291, 'BERZE LUCAS', '3812397104', 'AMADOR LUCERO 2256'),
(1292, 'BOTONES NATALIA', '3813345824', 'PJE 20 DE JUNIO Y ROCA'),
(1293, 'BRANDAN JESICA CAROLINA', '3812387455', 'PJE FEDERICO HELGUERA 716'),
(1294, 'BRANDAN REYNA', '1', ''),
(1297, 'BRITO YOHANA', '3816609503', 'LARREA 2064'),
(1298, 'BUSTOS ROCIO', '3816028589', 'MZ B LOTE 11'),
(1299, 'CAPPETA ALBARRACIN AYELEN', '3815421768', 'MZ A CASA 24 4129'),
(1301, 'CARRIZO FATIMA  ALEJNDRA', '3812148780', 'PJE CORRIENTES MANANTIAL'),
(1302, 'CENTURION MARIA LETICIA', '3813993473', 'PSJ ESPERANZA 1048'),
(1303, 'CONTRERAS JOSE', '3814160664', 'B° SANTA LUCIA MZ J C21'),
(1304, 'CORBALAN SANDRA', '3813299555', 'B° SAN MARTIN MZ CASA 29'),
(1305, 'CORDOBA NANCY FATIMA', '3816365798', 'PSJ ROCA MANANTIAL'),
(1306, 'CORREA MARIA INES', '3812019514', 'PJE PARANA 750'),
(1308, 'CUEVAS WALTER FABIAN', '3812465584', ''),
(1310, 'FALCON ANTONELLA', '3812084452', 'AV COLON AL 3000 MZ 23 LT 48'),
(1311, 'FARIAS SILVIA ELIZABETH', '3814684183', 'PJE 12 DE OCTUBRE'),
(1314, 'FISCANTE CYNTIA', '0', ''),
(1315, 'GALLARDO MARIA', '3814183403', 'LARREA 3950'),
(1316, 'GARCIA ESTER', '3813269405', 'MZ A LOTE 23'),
(1317, 'GARCIA RAFAEL EZEQUIEL', '3814981911', 'MANANTIAL SUR MZ7 CASA 16'),
(1318, 'GEORGINA CANCINO SANDILLI', '3815997344', 'B° ELENA WHITHE MZ H LOTE 23'),
(1319, 'GOMEZ JORGE FACUNDO', '3813488047', 'LANZA Y SAN MARTIN'),
(1320, 'GOMEZ PRISCILA', '3812512709', 'PJE 1 CASA 4'),
(1321, 'GOMEZ SALAZAR ANDREA', '3816982065', 'AV SAN MARTIN SAN PABLO'),
(1322, 'GUERRA MABEL', '3816379939', 'ROCA 1000 PSJ EL MILAGRO MANANTIAL'),
(1323, 'GUTIERREZ MARCELO', '3816435178', 'MZ C LOTE 39'),
(1324, 'ISA MARIA JULIETA', '3812086180', 'CRISTO REY 431'),
(1325, 'JAIME VICTOR', '3813568859', 'MZ F LOTE 25'),
(1326, 'JUAREZ EVELIN', '3813560177', 'MZ H LOTE 1'),
(1327, 'LEIVA GABRIEL', '3812402079', 'B° OLIMA LA REDUCCION'),
(1329, 'LOBO MIGUEL', '3813301433', 'EUGENIO MENDEZ 627'),
(1330, 'LOBO ROXANA ELIZABETH', '3815542217', 'LARREA 3041'),
(1331, 'LOPEZ CINTHIA', '1', ''),
(1335, 'MANSILLA GABRIELA', '3814677382', ''),
(1336, 'NASHMA ARAGON', '3813993165', 'B° LA ESPERANZA MXA6 LOTE 8'),
(1337, 'MEDINA ADRIANA', '3813588261', 'PSJ MONSEÑOR D ANDREA 4002'),
(1338, 'MEDINA PRISCILA', '3816597212', 'LAVAISSE 4430'),
(1339, 'MENDER MIRYAM NANCY', '3815449172', 'GOBERNADOR DEL CAMPO 1000'),
(1341, 'NEIRA SOFIA', '3812158291', 'AV DEMOCRACIA 833'),
(1342, 'NIEVA JUAN JOSE', '3814050770', 'B° FRANCISCO PRIMERO MZC CASA 23'),
(1343, 'OCAMPO SAMUEL GUSTAVO', '3813642263', 'CALEDONIO GUTIERRES 333'),
(1344, 'OLEA ANGELICA FABIANA', '3816096683', 'B° 60 VIVIENDAS MZ B C 1'),
(1345, 'OLIVERA PAOLA', '3814747954', 'AV DEMOCRACIA 571'),
(1348, 'PAREDES CARLA', '3816559288', ''),
(1350, 'PEREYRA HUGO ALBERTO', '3813922351', 'MZA 16 L18'),
(1352, 'PONCE ALDANA', '3815415413', ''),
(1353, 'REGUDERO TOMAS CEFERINO', '3815787698', 'B° 17 DE MARZO MZ D CASA 10'),
(1354, 'REINOSO NATALIA ROCIO', '3816626391', 'GODOY CRUZ 560'),
(1355, 'REYES LORENA PAOLA', '3813940978', 'gorritti 447'),
(1356, 'REYES MELINA', '3816916908', 'MZA 10 LOTE 9'),
(1359, 'RIOS WALTER ALEJANDRO', '3815514904', 'PJE 12 DE OCTUBRE Y RAMIREZ VELAZCO'),
(1360, 'RIVAS SILVIA VIVIANA', '3816130875', '20 DE JUNIO ESQUINA ROCA'),
(1361, 'ROBLEDO LORENA', '3813391352', 'MZ L LOTE 11'),
(1363, 'RUIZ LILIANA', '3815589559', 'PJE MILA 2429'),
(1365, 'SAAVEDRA FACUNDO', '3814638612', 'CALCUTA 1962'),
(1366, 'SAAVEDRA MARCELA', '1', ''),
(1367, 'SAAVEDRA RODRIGO', '3814747954', 'AV DEMOCRACIA 571'),
(1368, 'SANTILLAN SOFIA', '3813488847', 'LAS LANZAS MC L8'),
(1369, 'SEQUEIRA MAURICIO JULIAN', '3814674861', 'CRISTO REY 1300'),
(1370, 'SEQUEIRA NORA', '3814674861', 'MZ C LOTE 7'),
(1372, 'SORIA DANIELA', '3815935878', 'PJE SIN NOMBRE'),
(1373, 'SOSA SOLEDAD', '1', 'PJE JAPON 4200'),
(1374, 'SOTELO YONATHAN', '3813688412', 'MAGALLANES 1644'),
(1376, 'VALERIA SANCHEZ', '1', ''),
(1377, 'VARELA MONICA DEL CARMEN', '3816495516', 'ANICETO DE LA TORRE 881'),
(1378, 'VEGA JUANA MANUEL', '3813087533', 'ANICETO DE LA TORRE 597'),
(1379, 'VILLA VERONICA', '1', 'ALEM 2600'),
(1381, 'YASIN MARIA', '1', 'CASTELLI 517'),
(1382, 'ZAER MARIO EDUARDO', '3816608074', 'RIO DE LA PLATA 23'),
(1383, 'ZALAZAR FACUNDO', '3816574216', 'PSJ CASTELLANO 2767'),
(1384, 'ZELARAYAN ANAHI', '3813997372', 'CALLE GRANADEROS 1704'),
(1387, 'ACEVEDO ROCIO', '3812175265', 'FORTUNATA GARCIA 511'),
(1388, 'ACOSTA MACARENA', '3813531367', ''),
(1389, 'AGUILAR ROCIO', '3816414736', 'B° ELENA WHITHE MZ Y LOTE 04'),
(1391, 'ALDERETE MARIELA', '3815681582', 'CRISOSTOMO 971'),
(1392, 'ALEMAN NATALIA', '3815249100', 'MZA 11 LOTE 14'),
(1393, 'ARAGON DIEGO', '3813201019', 'PSJ CELEDONO GUTIERRE 581 MANANTIAL'),
(1394, 'ARIAS FACUNDO TOMAS', '3812003836', 'ALBERDI 2388'),
(1395, 'ARREGUEZ DANIELA', '3816650771', 'PJE CORRIENTES S/N'),
(1397, 'BAZAN JOHANA MABEL', '3813649254', 'PJE SAN JUAN S/N'),
(1398, 'BERON RAMON EMMANUEL', '3812088257', 'MZA B'),
(1399, 'BRITO ALBERTO ENRIQUE', '381554562', ''),
(1400, 'BRITO BRISA', '3812169213', ''),
(1402, 'CABEZAS JUAN CARLOS', '3813156289', 'PJE BASCARY 2889'),
(1403, 'CAMPOS MONICA ANDREA', '3813660778', 'COLON 2257'),
(1404, 'CARO LUCIANA MARIA FLORENCIA', '3815681118', 'MZA A LOTE 11 SN/N'),
(1405, 'CASTRO LUCAS DAMIAN', '3812511521', 'MZ E LOTE 9'),
(1406, 'CELIZ LEANDRO IVAN', '3816393709', 'MZ 9 LOTE 27'),
(1407, 'CIFRE SILVANA DANIELA', '3816832376', 'MZA J CASA 21'),
(1408, 'CORBALAN ANDREA', '3812367277', 'AV JUJUY 4100'),
(1409, 'CORBALAN CAROLINA', '3813475850', 'CORRIENTES 800'),
(1410, 'CORTES ELIZABETH', '3814773032', 'BOLIVAR 2155'),
(1411, 'DAVILA MIGUEL', '3815270234', 'PSJ OHHIGINS 1527'),
(1412, 'DAVILA VALENTINA', '3815270234', 'MANUELA PEDRAZA 359'),
(1413, 'DEL CASTILLO INES ROXANA', '3812011004', 'GRANANDEROS DE SAN MARTIN 2153'),
(1414, 'DIAZ ADRIANA', '3815575705', 'ASUNCION 1800'),
(1415, 'DIAZ JUAN CARLOS', '3815824120', ''),
(1416, 'DONAIRE AGUSTINA AMANDA', '3816699457', 'CAYETANO NAZEO'),
(1417, 'FALCON JUAN CARLO', '3812169688', 'PSJ ACEVEDO 4050'),
(1418, 'FERNANDEZ FABRICIO', '3815760010', 'MATHEU 1284'),
(1419, 'FERNANDEZ COSTILLA ROCIO', '3816707356', 'MATHEU 1284'),
(1420, 'FLORES CARLOS', '3812398378', 'PJE JAPON M28 LOTE 15 S/N'),
(1421, 'FLORES MARIA FERNANDA', '3815745413', 'PJE MANUELA PEDRAZA 350'),
(1422, 'FLORES NADIA SOLANA', '3812082165', 'GOBERNADOR DEL CAMPO 1800'),
(1423, 'FRATICHELLI ALEJANDRO', '3815431470', 'SAN JAVIER 2525'),
(1424, 'GANGA LUCAS EZEQUIEL', '3813510111', 'ANCETO DE LA TORRE 1°'),
(1426, 'GERES CRISTIAN', '1', ''),
(1427, 'GOMEZ ALEJANDRA DEL VALLE', '3816479349', 'FRIAS SILVA 2400'),
(1428, 'GOMEZ TOLEDO BENJAMIN', '3815870136', 'S/N'),
(1429, 'GONZALEZ NICOLAS', '3813959112', 'RECONQUISTA 680'),
(1430, 'GUAREZ SERGIO EMMANUEL', '3812062814', 'MZ A LOTE 27'),
(1431, 'GUERRERO GLADYS', '3815283730', ''),
(1432, 'GUTIERRES NATALIA', '3812196528', 'APOLO 13 ENTRE MENDOZA'),
(1433, 'GUTIERREZ ANGEL JOSE', '3812148286', 'MZ A LOTE 25'),
(1434, 'GUZMAN SANDRA DEL CARMEN', '3812484425', 'MZ 13 LOTE 31'),
(1435, 'IRAMAIN NATIVIDAD', '3812470279', 'B° LA ARBOLADA CRISTO REY 850'),
(1436, 'JAIME ROMINA GABRIELA', '3812148353', 'MZ B CASA 2'),
(1437, 'JUAREZ MALENA EDITH', '3815410786', 'MZA A LOTE 14'),
(1438, 'JUAREZ NICOLAS', '3815477955', 'RAMIREZ DE VELAZCO 206'),
(1439, 'LAGORIA SILVIA SUSANA', '3815238907', ''),
(1441, 'LAZARTE NATALIA', '3816555688', 'ANZORENA 1365'),
(1442, 'LEDESMA MAURO IVAN', '3815740583', 'FLORIA 281'),
(1443, 'LEGUIZAMON HECTOR LORENZO', '3815702653', 'B° LA ESPERANZA'),
(1444, 'LEGUIZAMON DANIELA', '1', 'GANADERO DE SAN MARTIN 2163'),
(1445, 'LIACOPLO MARIA DE LOS ANGELES', '3813359351', 'INCA GARCILASO'),
(1446, 'LOBO ANA PAULA', '3813320892', 'GOBERNADOR DEL CAMPO Y CORRIENTES MZ A CASA 4'),
(1447, 'LOBO ROSA ALCIRA', '3814731726', 'BERUTI 582'),
(1448, 'LOPEZ ROMINA ESTEFANIA', '3812168247', 'FACUNDO QUIROGA 220'),
(1449, 'MAIDANA WANDA', '3814385994', 'CHACABUCO 1257'),
(1450, 'MANSILLA PRISCILA DANIELA', '3816658034', 'MZ C CASA 17'),
(1451, 'MEDINA DAVID MARCELO', '3813601704', 'MZ D LOTE 15'),
(1452, 'MEDINA ADRIANA DEL VALLE', '3815558334', 'ROJA PAZY COLON'),
(1453, 'MEDINA IRENE SOLEDAD', '3812074313', 'VILLA CARMELA LOS PINOS'),
(1454, 'MEDINA PEREZ IGNACIO', '3815727379', 'CONGRESO 2621'),
(1456, 'MONTERO FRANCISCA', '3814791940', '25 DE mayo 0235'),
(1457, 'MONTIS EZEQUIEL GUILLERMO', '3813674652', ''),
(1459, 'NAVARRO LUCIANA ANABEL', '3815614480', 'PJE BOULOGNE SUR MER 3653'),
(1460, 'NIEVA FABIANA', '3814186444', ''),
(1461, 'OCAMPO PRISCILA', '3814634941', 'LOPEZ MAÑAN 2104'),
(1462, 'OLEA CAROLINA FATIMA', '3813601984', 'FACUNDO QUIROGA 248'),
(1463, 'OLGA LIDIA COSTILLA', '3812196528', ''),
(1464, 'OLIMA VANESA ROSALIA', '3812174070', 'MZ C LOTE 18'),
(1465, 'ORELLANA  ABEL  FACUNDO', '3815068420', 'PJE LAFINUR 3368'),
(1466, 'ORTIZ ROCIO MELINA', '3813436360', 'ENTRE RIOS 560'),
(1467, 'OVEJERO EUGENIA CECILIA', '3816088867', 'PJE LAS PALMERAS S/N'),
(1470, 'PRADO FLORENCIA', '3813997929', 'B° NICOLAS AVELLANEDA III MZ P'),
(1471, 'REINOSO VANESA', '3815424851', 'AV AMERICA VESPUCIO 1794'),
(1472, 'REYES INES MARIA', '3813940595', 'GORREITI 447'),
(1473, 'ROBLEDO NANCY', '3812160265', 'HORCO MOLLE DIAGONAL'),
(1474, 'ROBLES TRINIDAD GUADALUPE', '1', 'ANZORENA 854'),
(1475, 'RODRIGUEZ DAVID ALBERTO', '3813994845', 'AYACUCHO 4900'),
(1477, 'ROJAS JUAN MARCELO', '1', 'MZ CASA 1 LOTE 2'),
(1478, 'ROMANO NEREA', '3812362387', 'MATE DE LUNA 3448'),
(1479, 'ROMANO NOELIA', '1', 'LEON GALLO 73 ALTURA MATE DE LUNA'),
(1480, 'ROMERO ESTEFANIA', '3815714887', 'LAVAISE 4500'),
(1483, 'RUIZ FLORENCIA', '3813573240', 'MZ E CASAS 5'),
(1484, 'RUIZ JIMENA', '1', 'ZELAYA ORTIZ 1140'),
(1485, 'SALOMON MARIA BELEN', '3816371664', 'MZ D LOTE 39'),
(1487, 'SIERRA JOHANA', '1', ''),
(1488, 'SILVA VANESA', '3815835769', ''),
(1489, 'SORIA MARIA', '3814975010', ''),
(1490, 'SOTO GABRIELA MARIA', '3816445577', '25 DE MAYO Y CORDOBA'),
(1491, 'SUAREZ MARIA', '3813632343', '2DO PASAJE S/N GOBERNADOR DEL CAMPO'),
(1492, 'TERAN ELIZABETH', '3816215067', '9 DE julio 0839'),
(1493, 'TORRES AXEL ALEMAN', '3813889014', 'MZ D2 LOTE 1'),
(1494, 'VARELA LILIANA', '3813857948', 'SAN LORENZO 641'),
(1495, 'VELARDES ANTONELLA DEL CARMEN', '3812364900', 'LARREA 1050'),
(1496, 'VELARDEZ MATIAS ANDRES', '3816270402', 'FACUNDO QUIROGA AL 300'),
(1497, 'VELARDEZ NAHUEL', '3816491668', 'RODEO GRANDE B° PEÑAROL'),
(1498, 'VIDAL MARTINES FLORICEL', '3855146533', 'SUIPCHA 1060'),
(1499, 'VILLARUBIA MERCEDES', '3816093254', ''),
(1503, 'ACEVEDO MAXIMILIANO LEONEL', '3815981027', 'VILLA MARIANO MORENO 46'),
(1504, 'ACOSTA ESTEFANIA', '3816652397', '24 DE SEPTIEMBRE Y PORTUGAL'),
(1505, 'ACOSTA EVA ALEJANDRA', '3815 57-5987', 'AV FERNANDO RIERA S/N'),
(1506, 'ACOSTA FRANCISCO', '3816093662', 'entre corriente y santa fe'),
(1508, 'AGUILAR SILVANA', '3815998527', 'CASTELLI 665'),
(1510, 'ALARCON TOMAS NAHUEL', '3813553877', 'B° LA CANCHA AL 400'),
(1512, 'ALBARRACIN JENNY EDITH', '3813957303', 'CORRIENTES 3382'),
(1513, 'ALBORNOZ JULIO', '3813527424', 'JUAN ALFONZO CARRIZO 179'),
(1515, 'ARNEDO HUGO JAVIER', '3816505355', 'PSJ MARQUES DE ABILES'),
(1516, 'ARREYES MERIGLIO MILAGRO', '3813199522', 'BENEJAN 794 LOTE 5'),
(1519, 'BANEGAS ALDANA', '1', 'AV JUJUY 4127'),
(1520, 'BARROS LINA', '3813476705', 'LAPRIDA 2596 ESQ MADRID'),
(1521, 'BAYESPIN MARIA KARINA', '3812005425', 'san lorenzo 3358'),
(1522, 'BAZAN RICARDO GABRIEL', '3815748308', 'CORRIENTES 548'),
(1524, 'BRAVO MIGUEL', '3814473418', 'psj garcia 1407'),
(1525, 'CARRIZO ANALIA', '3816622619', 'IRIGOYEN 578 TAFI VIEJO'),
(1526, 'CEJAS PATRICIA', '3816093940', 'MZ3 LOTE 19'),
(1527, 'COLLANTE MANUEL', '3815107183', 'REPUBLICA DEL LIVANO 2224'),
(1528, 'CONTRERAS JUAN ANGEL', '3812509996', 'MARCOS AVELLANEDA 1352'),
(1529, 'CORBALAN CARLOS', '3814092774', 'BENJAMIN MATIENZO 30'),
(1530, 'CORONEL JULIETA ALEJANDRA', '38135822494', 'LAS ALMAS'),
(1534, 'FELAJ MARCELA', '3814772165', 'MZ 1 CASA 1'),
(1535, 'GARATTI LEANDRO', '3815580643', 'PSJ GUIDO SPANO 3570'),
(1536, 'GARCIA ANA SOFIA', '3813468545', 'B° SOEME MZ 3 C2'),
(1538, 'GARCIA JOHANA ISABEL', '3815523866', 'CALLE 13 835'),
(1539, 'GEREZ MARIA', '3816841330', 'ALBERDI 3221'),
(1542, 'GONZALEZ MARCOS', '3816525550', ''),
(1543, 'GONZALEZ SOLEDAD', '3815544631', 'GUTENBER 733'),
(1544, 'GOYTEA ENZO FABIAN', '3813672307', 'MZ C CASA 2'),
(1546, 'HARO DEL RIO MIGUEL ALEJANDRO', '3815108255', 'CASTRO BARROS 476 DUPLEX 6'),
(1548, 'HERRERA MARIA ROSARIO', '3815673263', 'GRAL ROCA 106'),
(1550, 'JUAREZ CLAUDIO DANIEL', '3813686813', 'PJE SAENZ PEÑA 1900'),
(1551, 'LEIVA MARIA SILVINA', '3815575471', 'PSJ BEREGIO VALLEJO 487'),
(1552, 'LOBO JUAN JOSE', '3813547299', 'MZ 1 CASA 8'),
(1553, 'LOPEZ CARLOS FELIX', '3813517833', 'INDEPENDENCIA 39'),
(1554, 'LORENA ELIZABETH ZELAYA', '3815983581', 'PSJ PARANA 200 MANANTIAL'),
(1555, 'MARANZANO FATIMA', '3812007200', 'URUGUAY 1454'),
(1556, 'MARTINEZ NOELIA', '3813886671', 'bulnes 2275'),
(1557, 'JUAREZ MAURO JOSE', '3815182489', 'ALSINA Y IRIGOYEN AL 600 TAFI VIEJO'),
(1559, 'MOLINA FEDERICO', '1', 'MZNA J CASA 6'),
(1560, 'MONASTERIO CLAUDIA', '3816135502', 'DIAGONAL LANDRA MZ D CASA A'),
(1562, 'MORENO ERICK DANIEL', '3814691499', 'SAN MIGUEL 89 LA BANDA'),
(1563, 'MORENO RENE CESAR ANDREA', '2993266558', 'PJE JORGE LUIS BORGES S/N'),
(1564, 'MURILLO MARIA DE LOS ANGELES', '3815722795', 'MONTEAGUDO 201'),
(1565, 'NARANJO BRAIAN', '3812233924', 'SANTA FE 2712'),
(1567, 'PAEZ MARIA GRACIELA', '3815519971', 'MAIPU 2800 (TAFI VIEJO)'),
(1568, 'PEDRAZA YESSICA VANESA', '3815501821', 'MZ 17 LOTE 9 BARRIO JULIO ABRAN'),
(1569, 'PEREYRA TIAGO EXEQUIEL', '3812089612', 'MELIAN DE LEGUIZAMON 630 (V. CARMELA)'),
(1570, 'PEREZ LUCAS ADRIAN', '3816302069', 'VICTORIA 69 (TAFI VIEJO)'),
(1571, 'PIQUEARD RAMIRO', '3816526715', 'BELISARIO LOPEZ 1201 BARRIO SAN CAYETANO'),
(1572, 'RAMIREZ MARCELO', '3813219990', 'CALLE VIEJA KM 1303 LOS NOGALES'),
(1573, 'RAMIREZ EDUARDO MATIAS', '3815706955', ''),
(1576, 'RAVAL GABRIELA BEATRIZ', '3816465200', 'BARRIO INBAUD manzana A CASA 9'),
(1577, 'REINAGA NADIA', '3816438836', 'AZCUENAGA 464'),
(1578, 'RESOLA PAOLA DE LOS ANGELES', '3813300000', 'BARRIO TIRO FEDERAL MZ G LOTE 19'),
(1579, 'REYES ROMINA PAMELA', '3815426570', 'LAS PIEDRAS 2337'),
(1580, 'REYES SILVINA', '1', ''),
(1581, 'RIOS MAXIMILIANO PABLO', '3816462070', 'PJ LOS SAUCES Y B TERAN 10'),
(1583, 'ROBLES JOHANA', '3816504192', ''),
(1585, 'PEREZ ANGEL GABRIEL', '3812177632', 'FLORIDA 2776'),
(1586, 'ROJAS CELESTE', '3813693881', 'PUEYRREDON 431'),
(1587, 'ORELLANA ALDANA', '3816205668', 'TRIANGULO II VILLA CARMELA'),
(1588, 'SIR GRACIELA JOHANA', '3812475957', 'CHAZARRETA 254 LASTENIA'),
(1590, 'ZAER CARMEN FABIANA', '', 'RIO DE LA PLATA 23 Bº TULA'),
(1593, 'GOMEZ SOLEDAD', '', 'BULNES 2580'),
(1595, 'VACA SILVINA', '381442369', 'EE UU 1100'),
(1597, 'ROJAS LUCIA', '3813441630', '14 de septiembre los pocitos'),
(1598, 'VIZCARRA MICAELA', '3812188420', 'CALLE INES GARCILAZO 50'),
(1599, 'ARAGON ALBERTO', '', 'GUTIERRES 581'),
(1600, 'JUAREZ SERGIO', '3812165319', 'CORRIENTES 24 MANANTIAL'),
(1601, 'RUIZ JULIO MIGUEL', '3816645729', 'MAIPU 302 TAFI VIEJO (VENDEDORA PAOLA)'),
(1603, 'SIR ANGELES', '3816083501', 'DELFIN GALLO 23 V 9 DE JULIO'),
(1604, 'GARCIA SANDRA', '3813927173', 'ALEJANDRO HEREDIA 289 MANANTIAL'),
(1605, 'ROJAS DEBORA', '3815182844', 'AV.REPUBLICA DE LIVANO 1073'),
(1606, 'ROJAS DEBORA', '', 'AV.REPUBLICA DE LIVANO 1073'),
(1607, 'PLITMAN JAVIER', '', 'VIERNES'),
(1608, 'ROMANO GASTON', '', ''),
(1609, 'SOSA CLAUDIO ROBERTO', '3812537044', 'BARRIO SALVADOR MZ 18 LOTE 4'),
(1610, 'VIZCARRA FRANCO MATIAS', '3877477243', 'PEDRO LEON GALLO 379'),
(1613, 'ACOSTA CYNTHIA', '3813018657', 'PJE.FRAY Y M SQUIU 1781'),
(1614, 'ZELAYA LUCIANA BELEN', '3814662578', 'LAVALLE 4300'),
(1615, 'BARROS ERIKA', '', ''),
(1616, 'BARBOZA AGUSTINA', '3815288752', 'MZ LOTE 9 MALVIA'),
(1617, 'ARTAZA NADIA ELIZABETH', '3814155162', 'mz m lote 4 villa muñeca'),
(1618, 'SALINAS LAURA', '3813638085', 'alem'),
(1619, 'TOPOA FABRICIO', '3815685730', 'B 240 MZA J CASA 5'),
(1620, 'SALINAS LAURA', '3813638085', 'ALEM'),
(1621, 'VEGA ROMINA NATALIA', '3815953964', 'B*LA MERCED MZ C LOTE 16'),
(1623, 'BRITO JONAS MARIO', '3815065333', 'PJE CORRIENTES Y ROSA'),
(1624, 'FIAMA ALBARRACIN', '3815763267', 'BARRIO 130 VIVIENDAS'),
(1625, 'DISLACIO CANDELA', '3815615906', 'CATAMARCA 1799'),
(1626, 'LEDESMA MARIA BELEN', '3815517579', 'ROSA  MISTICA - MAGALLANES 3100'),
(1630, 'OLEA MARIELA DEL VALLE', '3816506818', 'PJE ENTRE RIOS AL 800'),
(1631, 'PLITMAN JAVIER', '3815957439', 'santa cruz 600'),
(1632, 'MORENO CAMILA', '3816530959', 'CALLE 12 Y 17 (V.M MORENO)'),
(1633, 'RAMIREZ SANTIAGO JAVIER', '3812014221', 'CALLE VIEJA (LOS NOGALES)'),
(1635, 'ROJAS LUCIA MARIANELA', '', 'SEGUNDO PASILLO CASA 10 TAFI VIEJO'),
(1636, 'RUIZ DAIANA TAMARA', '3813486227', 'BARRIO SMATA 2 MZ F C4'),
(1637, 'SARAVIA RICARDO WALTER', '3813674492', 'MONTEAGUDO 1270 (TAFI VIEJO)'),
(1638, 'SERRA CAMPO FERNANDA', '3815784392', 'MZ H CASA 28 BARRIO UTA 12 DE JULIO'),
(1639, 'TORACA LUJAN', '3814753430', 'CALLE ALELI MZ E CASA 2 VILLA LOS FLORES'),
(1640, 'TORENA MANUEL ANGEL', '3816221454', 'NECOCHEA 831'),
(1642, 'VEGA EUGENIA JOSEFINA', '3815420186', 'CALLE VIEJA (LOS NOGALES) CASA 54 KM 1306'),
(1643, 'TORO PAULA DANIELA', '3813908036', 'B° BUEN VIVIR MZ B LOTE 21'),
(1644, 'SOSA YOHANA', '3813859147', 'B° BUEN VIVIR MZ B LOTE 21'),
(1645, 'YAPURA MAYRA', '3816697691', 'B° 260 VIVIENDA MZ M CASA 17'),
(1646, 'RODRIGUEZ FRANCO', '3814690454', 'GOBERNADOR DEL CAMPO 650'),
(1647, 'REARTE GLADIS', '3815795103', 'LAS LANZAS ESQ SAN MARTIN'),
(1648, 'LEGUIZAMON GISELLA', '3815137146', 'B° ARAUJO MZ 6 C5'),
(1649, 'RUIZ BRUNO', '3814492005', 'CALLE 3 N° 321 TALITAS'),
(1650, 'REYES ROCIO', '3812018404', 'EJERCITO Y COLOMBIA'),
(1651, 'BAYESPIN MARIA KARINA', '3812005425', ''),
(1652, 'DOMINGUEZ MERCEDES', '38136020065', 'MZ B CASA 8'),
(1653, 'SANTUCHO AGUSTINA', '3813274715', 'VIAMONTE 2500'),
(1654, 'ADLER JULIETA ANAHI', '3815533855', 'ENTRE RIOS 960 TAFI VIEJO'),
(1655, 'FIAMA ALBARRACIN', '3815463267', 'martin berro 201'),
(1656, 'ROMERO ALEJO', '3813996864', 'LAVAISE 4500'),
(1657, 'FLORES CARLOS', '3815786649', 'B°SAN FRANCISCO MZ 28 L 15'),
(1658, 'NAVARRO SEBASTIAN', '3816415169', 'ELENA WHITE MZ A L18'),
(1660, 'ZELARAYAN GONZALO', '3813351686', 'SANTIAGO 1 CUADRA B EL MOYAR'),
(1661, 'RUIZ JULIO', '3816645729', 'PAIPU 302 TAFI V'),
(1663, 'ROJAS CONSTANZA', '', 'AV INDEPENDENCIA 483'),
(1664, 'DREDES MAYRA', '3812135465', 'CALLE 14 Y 24'),
(1665, 'VEGA ALBERTO', '3812533019', ''),
(1666, 'NUÑES ROSA', '3816449128', ''),
(1667, 'RODRIGUEZ GUSTAVO', '', 'SAN JUAN 4351'),
(1668, 'RODRIGUEZ GUSTAVO', '', ''),
(1669, 'MANSILLA LUIS', '3815768593', 'BELGRANO 612 MANANTIAL'),
(1670, 'LEIVA FLORENCIA', '3813503452', 'PSJ BENIGNO VALLEJO 487'),
(1671, 'LEDESMA PAULA', '3812360935', 'LAVAISE 4500'),
(1672, 'BARRIONUEVO SARA', '38634569630', 'SOBRE LA R38 KM 761 (MONTEROS)'),
(1673, 'OLEA FLAVIA MABEL', '3815791500', 'PSJ ENTRE RIO 250 MANANTIAL'),
(1674, 'TZANEEE MARIANA', '3815559064', 'JUAN MARIA TUTU 305 TAFI VIEJO'),
(1675, 'ALBORNOZ LUZ', '3816591039', ''),
(1676, 'ALVAREZ ALEXI MATIAS', '3816665736', ''),
(1678, 'BARNES TERESA', '3812153865', ''),
(1679, 'CANCINO ANAHI', '3816097762', ''),
(1680, 'CENTENO PABLO', '3815547373', ''),
(1681, 'CENTENO LORENZO', '', ''),
(1682, 'GOMEZ TADEO BENJAMIN', '3815870136', 'B° LAS MALVINAS'),
(1683, 'GONZALES AXEL', '3816602796', ''),
(1684, 'MEDINA JOSE', '3813480061', 'FRAY CAYETANO RODRIGUEZ'),
(1685, 'LAZARTE JORGE FABIAN', '3812180485', ''),
(1686, 'SILVEIRA CLAUDIA ELIZABETH', '3813984089', 'MZA F CASA 6B° 240 VIVIENDAS'),
(1687, 'BARRAZA ALDANA', '3815738025', 'LOPEZ Y PLANES 461'),
(1688, 'BARRIONUEVO PABLO', '3814723604', 'B° OESTE 2 MZ E BLOCK 4 T8'),
(1689, 'FIGUEROA FLORENCIA', '3813971843', 'INDEPENDENCIA 110 TAFI VIEJO'),
(1690, 'FELINO BRISA MAITE', '3813517499', 'B° LA ESPERANZA MZ A LT 17'),
(1691, 'LEDESMA MAURO', '3815740583', 'FLORIDA 281'),
(1692, 'BARRIONUEVO IVANA', '38163440817', '24 DE SEPTIEMBRE 1133 MONTERO'),
(1693, 'CORDOBA ELIZABETH', '3812152766', 'PSJ LAS ROSAS 320'),
(1694, 'GUZMAN SANDRA', '', 'BARRIO ATTE'),
(1695, 'CARRIZO SILVIA SUSANA', '3816629843', 'BARRIO N ESPERANZA'),
(1696, 'FERNANDEZ NORMA', '3815616720', 'JOSE INGENIERO 1200'),
(1697, 'ABLANEDA MARIA', '3815133606', 'B° LA ACACIAS MZ PC 1'),
(1698, 'CLAUDIA FERNANDEZ', '', ''),
(1700, 'SUAREZ CESAR', '3814063628', 'MANANTIAL'),
(1701, 'SILVEIRA CLAUDIA', '', 'REFINANCIACION'),
(1702, 'MAMANI NOELIA', '', ''),
(1703, 'ACOSTA GUADALUPE', '3815468074', 'BELGRANO 200 MANATIAL'),
(1705, 'RODRIGUEZ HUGO', '3812068182', 'JOSE COLOMBRES 2358'),
(1706, 'PEREYRA NOELIA', '381392251', 'B° ATTE MZ 13 LT23'),
(1707, 'FERNANDEZ MELANI', '3813351718', ''),
(1708, 'LEGUIZAMON MONICA', '3813500069', 'PSJ MARTIN FIERRO 634'),
(1709, 'POUSSUMATO MARIA', '', ''),
(1710, 'ABLANEDO MARIA', '3815133606', 'B° LAS ACACIAS MZ 0 CASA 1'),
(1711, 'MANSILLA PAMELA', '3813386056', 'SAN MARTIN AL 400 ALDERETE'),
(1712, 'SALICAS LOURDES', '3815802017', 'PSJ GOBERNADOR DEL CAMPO 1900'),
(1713, 'BURGO CINTHIA', '3814674885', 'ANTONIO DE ESPINOZA'),
(1714, 'JEREZ NOEMI', '3814392846', 'B° SAN FRANCISCO MZ 6 LT 22'),
(1715, 'ROMANO ABRIL', '3815234703', 'SAN LORENZO 394'),
(1716, 'ABORDON ALEJANDRA', '3815905043', 'SOLANO VERA 3800'),
(1717, 'MEDINA ADRIANA', '', 'PRESTAMO'),
(1718, 'ANDREA BULACIO', '3812214857', ''),
(1720, 'AGUERO GABRIELA', '3815335553', 'JB TERAN 1098 BANDA DEL RIO SALI'),
(1721, 'CORBALAN PEDRO', '3812154038', 'B° LAS ALISOS MZ C C3'),
(1722, 'AYUZA FLAVIO GABRIEL', '3854748656', 'PSJ JAPON 1440 B° VICTORIA'),
(1723, 'ACEVEDO CARLOS', '3812 14-7459', ''),
(1724, 'FLORENCIA FIGUEROA', '3813971843', 'TAFI VIEJO'),
(1725, 'Guaraz Sergio Osvaldo', '3815768522', 'Barrio Nueva vida Manzana A lote 2'),
(1726, 'Salinas carla soledad', '3813897720', 'Charcas 55, Yerba buena'),
(1727, 'GOMEZ JUAN LUIS', '3815306351', 'BENJAMIN VILLAFAÑE 633'),
(1728, 'LAPETINA MOLINA', '3816147709', 'TAFI VIEJO MZ 13 LOMAS'),
(1729, 'RAMIREZ SANTIAGO', '', 'CALLE VIEJA S/N LOS NOGALES'),
(1730, 'SORAIRE SANTIAGO ARIEL', '3815293399', 'VIAMONTE 243'),
(1731, 'CORRALES ROMINA MARIELA', '3815146047', 'COLOMBIA 920 YERBA BUENA'),
(1732, 'RAVAL SILVIA LILIANA', '3816558021', ''),
(1733, 'VALDEZ PERALTA ARACELI', '3812178722', ''),
(1734, 'SERRANO DANIEL', '3814649331', ''),
(1736, 'PAOLA OLIVERA', '', ''),
(1737, 'REYES INES', '3813940595', 'GORREITY 447'),
(1738, 'FRIAS ELIZABETH DEL CARMEN', '3816810450', 'MZ A D LT 13 LOMAS DE TAI'),
(1739, 'NUÑEZ SOSA MARIA', '3813196092', 'FEDERICO THIELE 2300 Y.B'),
(1740, 'PEREZ ANDREA ROXANA', '3814663997', 'PUEYREDON 284'),
(1741, 'FRIAS EMANUEL', '3816563980', 'SAN PABLO'),
(1743, 'SOBERON LUCAS NAHUEL', '3816706366', 'MZA 25 LT 56 S/N'),
(1744, 'ALVAREZ PAULA', '381567889', 'ROCA 850 MANANTIAL'),
(1745, 'PEREZ MARIA LUZ', '3814199123', 'MZ F CASA 82 B° SMATA'),
(1746, 'SANCHEZ VICTOR DANIEL', '3813339400', 'LAVAISE 4500 AMP ELENA WUITE'),
(1747, 'YAPURA ELIZABETH', '3816458171', 'MZ C2 LOTE S/N'),
(1748, 'JUAREZ WALTER SEBASTIAN|', '3812451486', 'B° ATE MZ 13 CASA J'),
(1749, 'BRITO DAVID MISAEL', '3813517714', 'LANZAS Y CARLO VERA Y.B'),
(1750, 'RODRIGUEZ FRANCO', '3814690454', 'GOB. DEL CAMPO 650 MANANTIAL'),
(1751, 'LEGUIZAMON DANIELA', '3812498873', 'GRANADERO DE SAN MARTIN'),
(1752, 'CAJAL LAURA MABEL', '3813198479', 'B°115 MZ B CASA 27 SAN ANDRES'),
(1753, 'PAEZ MARIA', '3816524606', 'CONGRESO 3800'),
(1754, 'VILLAGRA ROSA PAOLA', '3813325156', 'PERU DEL NORTE 1200 T.VIEJO'),
(1755, 'MARTIN ALEJANDRO', '3812167976', 'ROMERO POZO 800 LEALES'),
(1756, 'SALAZAR NANCY', '3813518475', 'AV SAN MARTIN S/N SAN PABLO'),
(1757, 'BARROS LINA', '3813476706', ''),
(1758, 'BARROS LINA', '3813476706', 'LAPRIDA 2596'),
(1759, 'BAZAN VELIZ TANIA', '3815643458', 'MZ J CASA 20 TAFI VIEJO'),
(1760, 'ACOSTA MACARENA', '', ''),
(1761, 'FERNANDO DAVID ARCE', '3814747891', 'LA QUEBRADA DE LULES DONAIRE'),
(1762, 'ROJAS ANA MARIA', '3814783468', 'MZ A LT 17 B° NUEVA ESPERANZA Y.B'),
(1763, 'GONZALEZ SILVIA', '3815800490', 'MATIENZO 2598'),
(1764, 'SALAZAR PAULA CAMILA', '3815226379', 'OLLEROS 330 ROSA MISTICA'),
(1765, 'PERALTA FLORENCIA', '3812220843', 'FRANCISCO PRIMERO'),
(1766, 'RUIZ SILVANA', '3813486293', 'RIO DE LA PLATA 254 MANANTIAL'),
(1767, 'CARELLO LUZ MARIA', '3812061053', 'URUAGUAY 125'),
(1768, 'ROSTAN DANTE EZEQUIEL', '381388774', 'MATADERO 3600'),
(1769, 'ARGAÑARAS MAURICIO', '3815192961', 'NICOLAS AVELLANEDO'),
(1770, 'QUINTEROS MARIA ALDANA', '3816790571', 'LUIS NOGUES 1539 VILLA 9 DE JULIO'),
(1771, 'NAVARRO ROSA', '3814776532', 'NECOCHEA 453'),
(1772, 'DOMINGUEZ MICAELA', '3812117921', 'ALEM 595'),
(1773, 'CAMPOS TERESA MARIA', '3815998921', 'B° 2 DE SEPTIEMBRE'),
(1774, 'GAUNA MARCELA', '3816607720', 'FRANCISCO PRIMERO'),
(1776, 'LOPEZ ROMINA', '3812168247', 'QUIROGA 220 Y.B'),
(1777, 'ACOSTA MILAGROS', '', ''),
(1778, 'VEGA EUGENIA', '3813351873', 'LA CAÑADA LOS NOGALES'),
(1779, 'VARELA LILIANA', '3816152735', 'SAN LORENZO 641'),
(1780, 'SALINAS LAURA', '3813638085', 'ALEM 2500'),
(1781, 'ARAGON ANALIA ELIZABETH', '3814755211', 'PSJ PARANA 238 EL MANANTIAL'),
(1782, 'GEREZ CRISTIAN', '', 'TRIPA TALLER'),
(1783, 'SIERRA DANTE', '', ''),
(1784, 'GUIDOBONO ANABELA', '3813473532', 'RONDEAU 2732'),
(1785, 'TOPOA FABRICIO', '3815685730', 'MZ CASA 5B 240'),
(1786, 'MEDINA PAOLA ESTEFANIA', '3873346912', 'PEDRO LEON GALLO 371'),
(1787, 'ARCE VERNONICA', '3814682785', 'CORRIENTES 3256'),
(1788, 'LEGUIZAMON DANIELA', '3812498873', 'GRANDERO DE SAN MARTIN 2163'),
(1789, 'ROBLEDO NAZARENA', '3816547496', 'CALLE ROCA 500 MANANTIAL'),
(1790, 'CATA ERIKA', '3812028071', 'BARRIO ATE'),
(1791, 'OLIVERA DOMINGO', '3815519971', 'TAFI VIEJO'),
(1792, 'LOBO ROSA', '3814731726', 'BERUTI 582 SAN CAYETANO'),
(1793, 'PEREZ RICARDO DANIEL', '3813685977', 'LUCIA ARAOS 2488'),
(1794, 'ALDERETE ALEJANDRO', '', ''),
(1795, 'MEDINA MARIA ELENA', '3816221454', 'SANTA FE 2556'),
(1796, 'ABREGU GABRIELA', '', ''),
(1797, 'VILLARREAL JUAN JESUS', '3814 78‑3835‬', 'DIAGONAL FACUNDO QUIROGA 2512');

-- --------------------------------------------------------

--
-- Estructura de tabla para la tabla `creditos`
--

CREATE TABLE `creditos` (
  `id` int NOT NULL,
  `cliente_id` int NOT NULL,
  `zona` int NOT NULL,
  `dia_pago` varchar(20) COLLATE utf8mb4_general_ci NOT NULL,
  `monto_total` decimal(10,2) NOT NULL,
  `total_cuotas` int NOT NULL,
  `cuotas_pagadas` int NOT NULL DEFAULT '0',
  `monto_cuota` decimal(10,2) NOT NULL,
  `saldo_cuota_actual` decimal(10,2) NOT NULL DEFAULT '0.00',
  `ultimo_pago` date DEFAULT NULL,
  `estado` enum('Activo','Pagado') COLLATE utf8mb4_general_ci NOT NULL DEFAULT 'Activo'
) ENGINE=InnoDB DEFAULT CHARSET=utf8mb4 COLLATE=utf8mb4_general_ci;

--
-- Volcado de datos para la tabla `creditos`
--

INSERT INTO `creditos` (`id`, `cliente_id`, `zona`, `dia_pago`, `monto_total`, `total_cuotas`, `cuotas_pagadas`, `monto_cuota`, `saldo_cuota_actual`, `ultimo_pago`, `estado`) VALUES
(1154, 1279, 1, 'Miércoles', '240000.00', 8, 7, '30000.00', '0.00', '2025-09-24', 'Activo'),
(1155, 1280, 1, 'Sábado', '612000.00', 18, 15, '34000.00', '0.00', '2025-09-27', 'Activo'),
(1158, 1282, 1, 'Lunes', '700000.00', 20, 8, '35000.00', '0.00', '2025-09-29', 'Activo'),
(1159, 1283, 1, 'Jueves', '1232000.00', 22, 21, '56000.00', '0.00', '2025-09-26', 'Activo'),
(1160, 1284, 1, 'Sábado', '600000.00', 20, 9, '30000.00', '0.00', '2025-09-27', 'Activo'),
(1161, 1285, 1, 'Lunes', '432000.00', 12, 12, '36000.00', '0.00', '2025-09-24', 'Pagado'),
(1162, 1286, 1, 'Martes', '504000.00', 18, 16, '28000.00', '0.00', '2025-09-30', 'Activo'),
(1163, 1287, 1, 'Sábado', '760000.00', 20, 11, '38000.00', '0.00', '2025-09-20', 'Activo'),
(1164, 1287, 1, 'Sábado', '488000.00', 20, 20, '24400.00', '0.00', '2025-09-13', 'Pagado'),
(1165, 1288, 1, 'Sábado', '630000.00', 18, 11, '35000.00', '25000.00', '2025-09-30', 'Activo'),
(1168, 1291, 1, 'Lunes', '576000.00', 16, 8, '36000.00', '35000.00', '2025-09-17', 'Activo'),
(1169, 1292, 1, 'Sábado', '760000.00', 20, 13, '38000.00', '33000.00', '2025-08-22', 'Activo'),
(1170, 1293, 1, 'Sábado', '540000.00', 18, 16, '30000.00', '0.00', '2025-09-30', 'Activo'),
(1171, 1294, 1, 'Sábado', '612000.00', 18, 10, '34000.00', '0.00', '2025-08-25', 'Activo'),
(1174, 1297, 1, 'Martes', '650000.00', 20, 17, '32500.00', '0.00', '2025-09-30', 'Activo'),
(1175, 1298, 1, 'Martes', '540000.00', 18, 5, '30000.00', '0.00', '2025-07-08', 'Activo'),
(1176, 1299, 1, 'Martes', '1400.00', 20, 11, '70.00', '0.00', '2025-09-26', 'Activo'),
(1178, 1301, 1, 'Sábado', '612000.00', 18, 4, '34000.00', '0.00', '2025-09-12', 'Activo'),
(1179, 1302, 1, 'Sábado', '496000.00', 16, 5, '31000.00', '0.00', '2025-09-20', 'Activo'),
(1180, 1303, 1, 'Sábado', '770000.00', 20, 7, '38500.00', '0.00', '2025-09-30', 'Activo'),
(1181, 1304, 1, 'Sábado', '1254000.00', 22, 11, '57000.00', '0.00', '2025-09-27', 'Activo'),
(1182, 1305, 1, 'Lunes', '520000.00', 16, 9, '32500.00', '26000.00', '2025-09-30', 'Activo'),
(1183, 1306, 1, 'Sábado', '750000.00', 20, 9, '37500.00', '0.00', '2025-08-09', 'Activo'),
(1185, 1308, 1, 'Martes', '480000.00', 16, 16, '30000.00', '0.00', '2025-09-10', 'Pagado'),
(1187, 1310, 1, 'Sábado', '800000.00', 20, 8, '40000.00', '0.00', '2025-09-27', 'Activo'),
(1188, 1311, 1, 'Viernes', '750000.00', 20, 14, '37500.00', '17500.00', '2025-09-26', 'Activo'),
(1191, 1314, 1, 'Lunes', '448000.00', 16, 11, '28000.00', '0.00', '2025-09-26', 'Activo'),
(1192, 1315, 1, 'Lunes', '1540000.00', 22, 22, '70000.00', '0.00', '2025-09-15', 'Pagado'),
(1193, 1316, 1, 'Viernes', '1430000.00', 22, 18, '65000.00', '30000.00', '2025-09-19', 'Activo'),
(1194, 1317, 1, 'Sábado', '800000.00', 20, 7, '40000.00', '0.00', '2025-09-27', 'Activo'),
(1195, 1318, 1, 'Lunes', '192000.00', 6, 6, '32000.00', '0.00', '2025-09-15', 'Pagado'),
(1196, 1319, 3, 'Sábado', '504000.00', 18, 16, '28000.00', '0.00', '2025-09-27', 'Activo'),
(1197, 1320, 1, 'Sábado', '760000.00', 20, 14, '38000.00', '0.00', '2025-09-27', 'Activo'),
(1198, 1321, 1, 'Viernes', '1536000.00', 24, 7, '64000.00', '0.00', '2025-09-26', 'Activo'),
(1199, 1322, 1, 'Lunes', '800000.00', 20, 20, '40000.00', '0.00', '2025-09-08', 'Pagado'),
(1200, 1323, 1, 'Sábado', '700000.00', 20, 13, '35000.00', '0.00', '2025-09-20', 'Activo'),
(1201, 1324, 1, 'Lunes', '204000.00', 8, 8, '25500.00', '0.00', '2025-09-08', 'Pagado'),
(1202, 1325, 1, 'Martes', '720000.00', 18, 13, '40000.00', '0.00', '2025-09-09', 'Activo'),
(1203, 1326, 1, 'Sábado', '800000.00', 20, 15, '40000.00', '0.00', '2025-09-22', 'Activo'),
(1204, 1327, 1, 'Sabado', '700000.00', 20, 9, '35000.00', '30000.00', '2025-09-29', 'Activo'),
(1206, 1329, 1, 'Jueves', '680000.00', 20, 18, '34000.00', '0.00', '2025-09-23', 'Activo'),
(1207, 1330, 1, 'Sábado', '544000.00', 16, 7, '34000.00', '0.00', '2025-09-27', 'Activo'),
(1208, 1331, 1, 'Viernes', '411200.00', 16, 16, '25700.00', '0.00', '2025-09-20', 'Pagado'),
(1213, 1335, 1, 'Sabado', '700000.00', 20, 5, '35000.00', '0.00', '2025-09-10', 'Activo'),
(1214, 1336, 1, 'Sábado', '513000.00', 18, 8, '28500.00', '0.00', '2025-09-20', 'Activo'),
(1215, 1337, 1, 'Sábado', '540000.00', 18, 18, '30000.00', '0.00', '2025-09-27', 'Pagado'),
(1216, 1338, 1, 'Sábado', '700000.00', 20, 20, '35000.00', '0.00', '2025-09-13', 'Pagado'),
(1217, 1339, 1, 'Sábado', '680000.00', 20, 15, '34000.00', '0.00', '2025-09-20', 'Activo'),
(1219, 1341, 1, 'Viernes', '800000.00', 20, 15, '40000.00', '0.00', '2025-09-26', 'Activo'),
(1220, 1342, 1, 'Martes', '660000.00', 20, 9, '33000.00', '0.00', '2025-09-30', 'Activo'),
(1221, 1343, 1, 'Miércoles', '1200000.00', 20, 16, '60000.00', '0.00', '2025-09-27', 'Activo'),
(1222, 1344, 3, 'Viernes', '375000.00', 10, 7, '37500.00', '0.00', '2025-09-20', 'Activo'),
(1223, 1345, 1, 'Sábado', '600000.00', 20, 20, '30000.00', '0.00', '2025-09-13', 'Pagado'),
(1226, 1348, 1, 'Lunes', '670000.00', 20, 14, '33500.00', '500.00', '2025-09-30', 'Activo'),
(1228, 1350, 1, 'Sábado', '720000.00', 18, 18, '40000.00', '0.00', '2025-09-16', 'Pagado'),
(1231, 1352, 1, 'Martes', '800000.00', 20, 14, '40000.00', '0.00', '2025-09-09', 'Activo'),
(1232, 1353, 3, 'Martes', '476000.00', 14, 8, '34000.00', '0.00', '2025-09-23', 'Activo'),
(1233, 1353, 3, 'Martes', '800000.00', 20, 8, '40000.00', '0.00', '2025-09-23', 'Activo'),
(1234, 1354, 1, 'Jueves', '680000.00', 20, 15, '34000.00', '0.00', '2025-09-25', 'Activo'),
(1235, 1355, 1, 'Martes', '680000.00', 20, 20, '34000.00', '0.00', '2025-09-11', 'Pagado'),
(1236, 1356, 1, 'Viernes', '512000.00', 16, 10, '32000.00', '0.00', '2025-09-26', 'Activo'),
(1239, 1359, 1, 'Viernes', '720000.00', 18, 13, '40000.00', '15000.00', '2025-09-20', 'Activo'),
(1240, 1360, 1, 'Sábado', '540000.00', 18, 18, '30000.00', '0.00', '2025-09-30', 'Pagado'),
(1241, 1361, 1, 'Sábado', '1040000.00', 20, 16, '52000.00', '0.00', '2025-09-27', 'Activo'),
(1243, 1363, 1, 'Sábado', '192000.00', 6, 5, '32000.00', '0.00', '2025-09-19', 'Activo'),
(1245, 1365, 1, 'Sábado', '477000.00', 18, 17, '26500.00', '0.00', '2025-09-27', 'Activo'),
(1246, 1366, 1, 'Lunes', '1700000.00', 8, 4, '212500.00', '135700.00', '2025-09-22', 'Activo'),
(1247, 1367, 1, 'Sábado', '680000.00', 20, 16, '34000.00', '0.00', '2025-09-27', 'Activo'),
(1248, 1368, 3, 'Sábado', '1512000.00', 24, 24, '63000.00', '0.00', '2025-08-30', 'Pagado'),
(1249, 1369, 1, 'Sábado', '800000.00', 20, 20, '40000.00', '0.00', '2025-09-13', 'Pagado'),
(1250, 1370, 1, 'Sábado', '730000.00', 20, 11, '36500.00', '34000.00', '2025-09-20', 'Activo'),
(1252, 1372, 1, 'Viernes', '1200000.00', 20, 13, '60000.00', '52000.00', '2025-09-29', 'Activo'),
(1253, 1373, 1, 'Lunes', '680000.00', 20, 20, '34000.00', '0.00', '2025-09-08', 'Pagado'),
(1254, 1374, 1, 'Sábado', '405000.00', 18, 9, '22500.00', '0.00', '2025-09-27', 'Activo'),
(1256, 1376, 1, 'Sabado', '216000.00', 6, 6, '36000.00', '0.00', '2025-09-11', 'Pagado'),
(1257, 1377, 1, 'Martes', '558000.00', 18, 10, '31000.00', '0.00', '2025-09-30', 'Activo'),
(1258, 1378, 1, 'Viernes', '800000.00', 20, 8, '40000.00', '0.00', '2025-09-26', 'Activo'),
(1259, 1379, 1, 'Sábado', '480000.00', 16, 8, '30000.00', '0.00', '2025-09-27', 'Activo'),
(1260, 1379, 1, 'Sábado', '686000.00', 14, 14, '49000.00', '0.00', '2025-09-13', 'Pagado'),
(1262, 1381, 1, 'Viernes', '684000.00', 18, 13, '38000.00', '0.00', '2025-09-27', 'Activo'),
(1263, 1382, 1, 'Sábado', '585000.00', 18, 15, '32500.00', '0.00', '2025-09-20', 'Activo'),
(1264, 1383, 1, 'Sábado', '600000.00', 20, 15, '30000.00', '0.00', '2025-09-03', 'Activo'),
(1265, 1384, 1, 'Sábado', '880000.00', 20, 8, '44000.00', '0.00', '2025-09-27', 'Activo'),
(1269, 1387, 3, 'Sábado', '1540000.00', 22, 19, '70000.00', '0.00', '2025-09-20', 'Activo'),
(1270, 1388, 3, 'Lunes', '290000.00', 10, 8, '29000.00', '0.00', '2025-09-23', 'Activo'),
(1271, 1389, 3, 'Lunes', '560000.00', 14, 5, '40000.00', '0.00', '2025-09-19', 'Activo'),
(1272, 1389, 3, 'Sábado', '420000.00', 14, 5, '30000.00', '0.00', '2025-08-30', 'Activo'),
(1274, 1391, 3, 'Viernes', '1220000.00', 20, 9, '61000.00', '10000.00', '2025-09-30', 'Activo'),
(1275, 1392, 3, 'Lunes', '750000.00', 20, 16, '37500.00', '37000.00', '2025-09-30', 'Activo'),
(1276, 1393, 3, 'Miércoles', '455000.00', 14, 8, '32500.00', '0.00', '2025-09-24', 'Activo'),
(1277, 1394, 3, 'Sábado', '630000.00', 18, 17, '35000.00', '0.00', '2025-09-27', 'Activo'),
(1278, 1395, 3, 'Viernes', '700000.00', 20, 8, '35000.00', '0.00', '2025-09-30', 'Activo'),
(1280, 1397, 3, 'Lunes', '1430000.00', 20, 16, '71500.00', '0.00', '2025-09-30', 'Activo'),
(1281, 1398, 3, 'Sábado', '680000.00', 20, 18, '34000.00', '0.00', '2025-09-30', 'Activo'),
(1282, 1399, 3, 'Sábado', '434000.00', 14, 7, '31000.00', '0.00', '2025-09-27', 'Activo'),
(1283, 1400, 3, 'Sábado', '480000.00', 16, 7, '30000.00', '0.00', '2025-09-27', 'Activo'),
(1285, 1402, 3, 'Viernes', '546000.00', 14, 13, '39000.00', '0.00', '2025-09-19', 'Activo'),
(1286, 1403, 3, 'Sábado', '680000.00', 20, 13, '34000.00', '0.00', '2025-09-13', 'Activo'),
(1287, 1404, 3, 'Sábado', '680000.00', 20, 18, '34000.00', '0.00', '2025-09-27', 'Activo'),
(1288, 1405, 3, 'Sábado', '1200000.00', 20, 7, '60000.00', '0.00', '2025-09-27', 'Activo'),
(1289, 1405, 3, 'Sábado', '680000.00', 20, 16, '34000.00', '0.00', '2025-09-27', 'Activo'),
(1290, 1406, 3, 'Sábado', '700000.00', 20, 20, '35000.00', '0.00', '2025-09-20', 'Pagado'),
(1291, 1407, 3, 'Sábado', '612000.00', 18, 5, '34000.00', '4000.00', '2025-09-30', 'Activo'),
(1292, 1407, 3, 'Sábado', '1000000.00', 20, 16, '50000.00', '0.00', '2025-09-27', 'Activo'),
(1293, 1408, 3, 'Sábado', '720000.00', 20, 5, '36000.00', '0.00', '2025-08-02', 'Activo'),
(1294, 1409, 3, 'Lunes', '800000.00', 20, 12, '40000.00', '0.00', '2025-09-30', 'Activo'),
(1295, 1410, 3, 'Lunes', '1485000.00', 22, 21, '67500.00', '1500.00', '2025-09-30', 'Activo'),
(1296, 1411, 3, 'Viernes', '800000.00', 20, 10, '40000.00', '0.00', '2025-09-26', 'Activo'),
(1297, 1412, 3, 'Viernes', '540000.00', 18, 18, '30000.00', '0.00', '2025-09-25', 'Pagado'),
(1298, 1413, 3, 'Martes', '1250000.00', 20, 13, '62500.00', '1500.00', '2025-09-30', 'Activo'),
(1299, 1414, 3, 'Lunes', '1680000.00', 24, 18, '70000.00', '0.00', '2025-09-23', 'Activo'),
(1300, 1415, 3, 'Sábado', '800000.00', 20, 8, '40000.00', '0.00', '2025-09-27', 'Activo'),
(1301, 1416, 3, 'Sábado', '800000.00', 20, 20, '40000.00', '0.00', '2025-09-13', 'Pagado'),
(1302, 1417, 3, 'Sábado', '800000.00', 20, 19, '40000.00', '0.00', '2025-09-27', 'Activo'),
(1303, 1418, 3, 'Viernes', '1050000.00', 20, 17, '52500.00', '0.00', '2025-09-27', 'Activo'),
(1304, 1419, 3, 'Sábado', '516800.00', 16, 11, '32300.00', '0.00', '2025-09-27', 'Activo'),
(1305, 1420, 3, 'Sábado', '680000.00', 20, 18, '34000.00', '0.00', '2025-09-30', 'Activo'),
(1306, 1421, 3, 'Jueves', '1000000.00', 20, 15, '50000.00', '0.00', '2025-09-25', 'Activo'),
(1307, 1422, 3, 'Martes', '680000.00', 20, 18, '34000.00', '0.00', '2025-09-23', 'Activo'),
(1308, 1423, 3, 'Viernes', '432000.00', 12, 8, '36000.00', '0.00', '2025-09-26', 'Activo'),
(1309, 1424, 3, 'Sábado', '1200000.00', 20, 16, '60000.00', '0.00', '2025-09-13', 'Activo'),
(1311, 1426, 3, 'Sábado', '306000.00', 6, 2, '51000.00', '1300.00', '2025-09-27', 'Activo'),
(1312, 1427, 3, 'Lunes', '448000.00', 16, 13, '28000.00', '0.00', '2025-09-30', 'Activo'),
(1313, 1428, 4, 'Lunes', '408000.00', 6, 1, '68000.00', '0.00', '2025-05-01', 'Activo'),
(1314, 1429, 3, 'Viernes', '660000.00', 20, 15, '33000.00', '0.00', '2025-09-26', 'Activo'),
(1315, 1430, 3, 'Viernes', '880000.00', 20, 18, '44000.00', '0.00', '2025-09-26', 'Activo'),
(1316, 1431, 3, 'Sábado', '800000.00', 20, 4, '40000.00', '0.00', '2025-09-06', 'Activo'),
(1317, 1432, 3, 'Sábado', '490000.00', 14, 5, '35000.00', '0.00', '2025-09-23', 'Activo'),
(1318, 1433, 3, 'Sábado', '880000.00', 20, 18, '44000.00', '0.00', '2025-09-20', 'Activo'),
(1319, 1434, 3, 'Lunes', '476000.00', 14, 14, '34000.00', '0.00', '2025-09-20', 'Pagado'),
(1320, 1435, 3, 'Sábado', '490000.00', 14, 6, '35000.00', '20000.00', '2025-09-30', 'Activo'),
(1321, 1436, 4, 'Lunes', '406000.00', 7, 1, '58000.00', '0.00', '2025-05-01', 'Activo'),
(1322, 1437, 3, 'Sábado', '840000.00', 20, 18, '42000.00', '0.00', '2025-09-27', 'Activo'),
(1323, 1438, 3, 'Viernes', '840000.00', 20, 17, '42000.00', '0.00', '2025-09-26', 'Activo'),
(1324, 1439, 2, 'Sábado', '434000.00', 14, 7, '31000.00', '0.00', '2025-09-30', 'Activo'),
(1326, 1441, 3, 'Sábado', '750000.00', 20, 14, '37500.00', '15500.00', '2025-09-30', 'Activo'),
(1327, 1442, 3, 'Viernes', '630000.00', 18, 15, '35000.00', '0.00', '2025-09-26', 'Activo'),
(1328, 1443, 3, 'Sábado', '800000.00', 20, 12, '40000.00', '0.00', '2025-09-30', 'Activo'),
(1329, 1444, 3, 'Sábado', '700000.00', 20, 20, '35000.00', '0.00', '2025-09-23', 'Pagado'),
(1330, 1445, 3, 'Viernes', '670000.00', 20, 19, '33500.00', '29000.00', '2025-09-27', 'Activo'),
(1331, 1446, 3, 'Sábado', '680000.00', 20, 20, '34000.00', '0.00', '2025-09-27', 'Pagado'),
(1332, 1447, 3, 'Lunes', '480000.00', 16, 10, '30000.00', '0.00', '2025-09-30', 'Activo'),
(1333, 1448, 3, 'Martes', '522000.00', 18, 14, '29000.00', '0.00', '2025-09-26', 'Activo'),
(1334, 1449, 3, 'Sábado', '1200000.00', 20, 18, '60000.00', '15000.00', '2025-09-24', 'Activo'),
(1335, 1450, 3, 'Sabado', '680000.00', 20, 1, '34000.00', '0.00', '2025-05-01', 'Activo'),
(1336, 1451, 3, 'Sábado', '1040000.00', 20, 16, '52000.00', '0.00', '2025-09-30', 'Activo'),
(1337, 1452, 3, 'Martes', '476000.00', 14, 6, '34000.00', '0.00', '2025-09-24', 'Activo'),
(1338, 1452, 3, 'Martes', '760000.00', 20, 9, '38000.00', '0.00', '2025-09-24', 'Activo'),
(1339, 1453, 3, 'Martes', '1100000.00', 20, 5, '55000.00', '35000.00', '2025-09-17', 'Activo'),
(1340, 1454, 3, 'Sábado', '630000.00', 18, 9, '35000.00', '0.00', '2025-08-18', 'Activo'),
(1342, 1456, 3, 'Lunes', '612000.00', 18, 6, '34000.00', '0.00', '2025-09-30', 'Activo'),
(1343, 1456, 3, 'Lunes', '402000.00', 12, 9, '33500.00', '0.00', '2025-09-30', 'Activo'),
(1344, 1456, 3, 'Lunes', '594000.00', 18, 17, '33000.00', '0.00', '2025-09-30', 'Activo'),
(1345, 1457, 3, 'Lunes', '800000.00', 20, 7, '40000.00', '0.00', '2025-09-30', 'Activo'),
(1347, 1459, 3, 'Viernes', '670000.00', 20, 19, '33500.00', '0.00', '2025-09-26', 'Activo'),
(1348, 1460, 3, 'Lunes', '800000.00', 20, 5, '40000.00', '10000.00', '2025-09-23', 'Activo'),
(1349, 1461, 3, 'Viernes', '592000.00', 16, 7, '37000.00', '0.00', '2025-09-24', 'Activo'),
(1350, 1462, 3, 'Sábado', '480000.00', 16, 13, '30000.00', '0.00', '2025-09-30', 'Activo'),
(1351, 1463, 3, 'Sábado', '544000.00', 16, 6, '34000.00', '0.00', '2025-09-20', 'Activo'),
(1352, 1464, 3, 'Sábado', '540000.00', 18, 12, '30000.00', '0.00', '2025-09-10', 'Activo'),
(1353, 1465, 3, 'Lunes', '880000.00', 20, 20, '44000.00', '0.00', '2025-09-23', 'Pagado'),
(1354, 1466, 3, 'Viernes', '585000.00', 18, 14, '32500.00', '2000.00', '2025-09-26', 'Activo'),
(1355, 1467, 3, 'Lunes', '500000.00', 16, 16, '31250.00', '0.00', '2025-09-23', 'Pagado'),
(1360, 1470, 3, 'Viernes', '490000.00', 14, 6, '35000.00', '30000.00', '2025-09-13', 'Activo'),
(1361, 1471, 3, 'Sábado', '612000.00', 18, 13, '34000.00', '0.00', '2025-09-27', 'Activo'),
(1362, 1472, 3, 'Sábado', '477000.00', 18, 18, '26500.00', '0.00', '2025-09-13', 'Pagado'),
(1363, 1473, 3, 'Miércoles', '840000.00', 20, 4, '42000.00', '0.00', '2025-07-26', 'Activo'),
(1364, 1474, 3, 'Sábado', '630000.00', 18, 18, '35000.00', '0.00', '2025-09-27', 'Pagado'),
(1365, 1475, 3, 'Sábado', '464000.00', 16, 11, '29000.00', '0.00', '2025-09-23', 'Activo'),
(1367, 1477, 3, 'Martes', '750000.00', 20, 17, '37500.00', '0.00', '2025-09-23', 'Activo'),
(1368, 1478, 3, 'Lunes', '800000.00', 20, 7, '40000.00', '0.00', '2025-09-30', 'Activo'),
(1369, 1478, 3, 'Lunes', '540000.00', 18, 18, '30000.00', '0.00', '2025-09-16', 'Pagado'),
(1370, 1479, 3, 'Sábado', '680000.00', 20, 10, '34000.00', '1000.00', '2025-09-23', 'Activo'),
(1371, 1479, 3, 'Sábado', '480000.00', 16, 8, '30000.00', '0.00', '2025-09-10', 'Activo'),
(1372, 1480, 3, 'Sábado', '600000.00', 16, 12, '37500.00', '1500.00', '2025-09-30', 'Activo'),
(1376, 1483, 3, 'Sábado', '324000.00', 12, 12, '27000.00', '0.00', '2025-09-20', 'Pagado'),
(1377, 1484, 3, 'Sábado', '440000.00', 8, 5, '55000.00', '0.00', '2025-09-03', 'Activo'),
(1378, 1485, 3, 'Viernes', '720000.00', 20, 20, '36000.00', '0.00', '2025-09-23', 'Pagado'),
(1380, 1487, 3, 'Sábado', '310000.00', 10, 3, '31000.00', '0.00', '2025-09-06', 'Activo'),
(1381, 1488, 3, 'Martes', '800000.00', 20, 8, '40000.00', '0.00', '2025-09-30', 'Activo'),
(1382, 1489, 3, 'Viernes', '1320000.00', 20, 6, '66000.00', '47000.00', '2025-09-30', 'Activo'),
(1383, 1490, 3, 'Martes', '840000.00', 20, 10, '42000.00', '0.00', '2025-08-05', 'Activo'),
(1384, 1491, 3, 'Jueves', '680000.00', 20, 9, '34000.00', '28000.00', '2025-09-25', 'Activo'),
(1385, 1492, 4, 'Lunes', '240000.00', 8, 1, '30000.00', '0.00', '2025-05-01', 'Activo'),
(1386, 1493, 3, 'Sábado', '680000.00', 20, 16, '34000.00', '0.00', '2025-09-30', 'Activo'),
(1387, 1494, 3, 'Sábado', '528000.00', 16, 11, '33000.00', '0.00', '2025-09-27', 'Activo'),
(1388, 1495, 3, 'Sábado', '504000.00', 18, 16, '28000.00', '0.00', '2025-09-30', 'Activo'),
(1389, 1496, 3, 'Sábado', '700000.00', 20, 10, '35000.00', '0.00', '2025-09-27', 'Activo'),
(1390, 1497, 4, 'Lunes', '448000.00', 4, 1, '112000.00', '0.00', '2025-05-01', 'Activo'),
(1391, 1498, 3, 'Sábado', '1200000.00', 20, 18, '60000.00', '0.00', '2025-09-26', 'Activo'),
(1392, 1499, 3, 'Sábado', '880000.00', 20, 9, '44000.00', '0.00', '2025-09-27', 'Activo'),
(1396, 1503, 2, 'Sabado', '900000.00', 20, 3, '45000.00', '15000.00', '2025-08-27', 'Activo'),
(1397, 1504, 2, 'Miércoles', '660000.00', 20, 20, '33000.00', '0.00', '2025-09-16', 'Pagado'),
(1398, 1505, 2, 'Sábado', '585000.00', 18, 15, '32500.00', '0.00', '2025-09-27', 'Activo'),
(1399, 1506, 1, 'Lunes', '700000.00', 20, 14, '35000.00', '0.00', '2025-09-29', 'Activo'),
(1401, 1508, 1, 'Viernes', '920000.00', 20, 15, '46000.00', '0.00', '2025-09-27', 'Activo'),
(1403, 1510, 2, 'Martes', '1200000.00', 20, 1, '60000.00', '0.00', '2025-05-01', 'Activo'),
(1407, 1512, 1, 'Viernes', '1488000.00', 24, 7, '62000.00', '0.00', '2025-09-26', 'Activo'),
(1408, 1513, 2, 'Sábado', '1750000.00', 20, 1, '87500.00', '0.00', '2025-09-01', 'Activo'),
(1410, 1515, 2, 'Sábado', '700000.00', 20, 14, '35000.00', '10000.00', '2025-09-20', 'Activo'),
(1411, 1516, 3, 'Viernes', '814000.00', 20, 18, '40700.00', '0.00', '2025-09-26', 'Activo'),
(1414, 1519, 3, 'Martes', '760000.00', 20, 14, '38000.00', '0.00', '2025-09-23', 'Activo'),
(1415, 1520, 2, 'Viernes', '621000.00', 18, 18, '34500.00', '0.00', '2025-09-05', 'Pagado'),
(1416, 1521, 1, 'Viernes', '800000.00', 20, 8, '40000.00', '0.00', '2025-09-26', 'Activo'),
(1417, 1522, 2, 'Sábado', '354000.00', 12, 12, '29500.00', '0.00', '2025-09-20', 'Pagado'),
(1419, 1524, 2, 'Sábado', '1100000.00', 20, 13, '55000.00', '0.00', '2025-09-27', 'Activo'),
(1420, 1525, 2, 'Sábado', '480000.00', 16, 8, '30000.00', '0.00', '2025-09-29', 'Activo'),
(1421, 1526, 3, 'Miércoles', '660000.00', 20, 15, '33000.00', '0.00', '2025-09-25', 'Activo'),
(1422, 1527, 2, 'Miércoles', '476000.00', 14, 1, '34000.00', '0.00', '2025-08-13', 'Activo'),
(1423, 1528, 2, 'Sábado', '1100000.00', 20, 4, '55000.00', '0.00', '2025-08-15', 'Activo'),
(1424, 1529, 3, 'Martes', '585000.00', 18, 17, '32500.00', '0.00', '2025-09-30', 'Activo'),
(1425, 1530, 2, 'Lunes', '476000.00', 14, 7, '34000.00', '0.00', '2025-08-06', 'Activo'),
(1429, 1534, 3, 'Lunes', '1200000.00', 20, 10, '60000.00', '0.00', '2025-09-29', 'Activo'),
(1430, 1535, 2, 'Miércoles', '1672000.00', 22, 6, '76000.00', '0.00', '2025-08-06', 'Activo'),
(1431, 1536, 2, 'Sábado', '600000.00', 20, 7, '30000.00', '0.00', '2025-09-29', 'Activo'),
(1433, 1538, 2, 'Lunes', '640000.00', 20, 20, '32000.00', '0.00', '2025-09-27', 'Pagado'),
(1434, 1539, 3, 'Lunes', '504000.00', 18, 12, '28000.00', '26000.00', '2025-09-11', 'Activo'),
(1437, 1542, 2, 'Sabado', '496000.00', 16, 7, '31000.00', '0.00', '2025-09-27', 'Activo'),
(1438, 1543, 2, 'Jueves', '660000.00', 20, 20, '33000.00', '0.00', '2025-09-17', 'Pagado'),
(1439, 1544, 2, 'Sabado', '600000.00', 10, 1, '60000.00', '0.00', '2025-05-01', 'Activo'),
(1441, 1546, 2, 'Sábado', '375000.00', 10, 7, '37500.00', '0.00', '2025-09-27', 'Activo'),
(1443, 1548, 3, 'Viernes', '680000.00', 20, 18, '34000.00', '0.00', '2025-09-16', 'Activo'),
(1445, 1550, 2, 'Sábado', '680000.00', 20, 10, '34000.00', '14000.00', '2025-09-29', 'Activo'),
(1446, 1551, 3, 'Martes', '612000.00', 18, 6, '34000.00', '0.00', '2025-09-20', 'Activo'),
(1447, 1552, 2, 'Sábado', '662000.00', 20, 8, '33100.00', '29500.00', '2025-09-09', 'Activo'),
(1448, 1553, 3, 'Martes', '434000.00', 20, 14, '21700.00', '5100.00', '2025-09-30', 'Activo'),
(1449, 1554, 3, 'Viernes', '520000.00', 16, 4, '32500.00', '0.00', '2025-09-26', 'Activo'),
(1450, 1555, 1, 'Viernes', '660000.00', 20, 13, '33000.00', '0.00', '2025-09-26', 'Activo'),
(1451, 1556, 2, 'Sábado', '720000.00', 20, 7, '36000.00', '0.00', '2025-09-27', 'Activo'),
(1452, 1557, 2, 'Sábado', '800000.00', 20, 6, '40000.00', '0.00', '2025-09-20', 'Activo'),
(1454, 1559, 3, 'Viernes', '680000.00', 20, 2, '34000.00', '14000.00', '2025-08-26', 'Activo'),
(1455, 1560, 1, 'Jueves', '800000.00', 20, 6, '40000.00', '0.00', '2025-09-19', 'Activo'),
(1457, 1562, 1, 'Lunes', '730000.00', 20, 5, '36500.00', '500.00', '2025-09-23', 'Activo'),
(1458, 1563, 3, 'Viernes', '700000.00', 20, 6, '35000.00', '0.00', '2025-08-23', 'Activo'),
(1459, 1564, 2, 'Lunes', '450000.00', 12, 12, '37500.00', '0.00', '2025-08-25', 'Pagado'),
(1460, 1565, 1, 'Lunes', '480000.00', 16, 9, '30000.00', '0.00', '2025-09-20', 'Activo'),
(1462, 1567, 2, 'Sábado', '360000.00', 10, 9, '36000.00', '0.00', '2025-09-27', 'Activo'),
(1463, 1568, 2, 'Sábado', '408000.00', 12, 10, '34000.00', '0.00', '2025-09-27', 'Activo'),
(1464, 1569, 2, 'Sábado', '406000.00', 14, 11, '29000.00', '3000.00', '2025-09-29', 'Activo'),
(1465, 1570, 2, 'Sábado', '1360000.00', 20, 15, '68000.00', '4000.00', '2025-09-20', 'Activo'),
(1466, 1571, 2, 'Sábado', '704000.00', 16, 15, '44000.00', '0.00', '2025-09-27', 'Activo'),
(1467, 1572, 2, 'Sábado', '680000.00', 20, 13, '34000.00', '0.00', '2025-09-29', 'Activo'),
(1468, 1573, 2, 'Sabado', '800000.00', 20, 6, '40000.00', '0.00', '2025-09-29', 'Activo'),
(1472, 1576, 1, 'Jueves', '648000.00', 18, 7, '36000.00', '0.00', '2025-09-25', 'Activo'),
(1473, 1577, 2, 'Sábado', '1040000.00', 20, 16, '52000.00', '0.00', '2025-09-27', 'Activo'),
(1474, 1577, 2, 'Sábado', '900000.00', 20, 8, '45000.00', '0.00', '2025-09-27', 'Activo'),
(1475, 1578, 2, 'Sábado', '603000.00', 18, 9, '33500.00', '0.00', '2025-09-29', 'Activo'),
(1476, 1579, 1, 'Jueves', '1320000.00', 20, 18, '66000.00', '0.00', '2025-09-12', 'Activo'),
(1477, 1580, 2, 'Lunes', '280000.00', 14, 2, '20000.00', '0.00', '2025-09-01', 'Activo'),
(1478, 1581, 3, 'Lunes', '490000.00', 14, 5, '35000.00', '0.00', '2025-09-06', 'Activo'),
(1480, 1583, 3, 'Martes', '300000.00', 10, 7, '30000.00', '25000.00', '2025-09-29', 'Activo'),
(1482, 1585, 1, 'Lunes', '800000.00', 20, 7, '40000.00', '0.00', '2025-09-30', 'Activo'),
(1483, 1586, 1, 'Martes', '800000.00', 20, 7, '40000.00', '0.00', '2025-09-30', 'Activo'),
(1484, 1587, 3, 'Martes', '760000.00', 20, 6, '38000.00', '0.00', '2025-09-23', 'Activo'),
(1485, 1588, 2, 'Sábado', '552000.00', 16, 1, '34500.00', '0.00', '2025-08-16', 'Activo'),
(1487, 1590, 3, 'Lunes', '800000.00', 20, 7, '40000.00', '0.00', '2025-09-30', 'Activo'),
(1490, 1593, 3, 'Martes', '1540000.00', 22, 7, '70000.00', '0.00', '2025-09-23', 'Activo'),
(1492, 1595, 1, 'Martes', '408000.00', 12, 6, '34000.00', '4000.00', '2025-09-12', 'Activo'),
(1494, 1597, 3, 'Lunes', '544000.00', 16, 7, '34000.00', '0.00', '2025-09-29', 'Activo'),
(1495, 1598, 1, 'Jueves', '660000.00', 20, 7, '33000.00', '0.00', '2025-09-16', 'Activo'),
(1496, 1599, 3, 'Miércoles', '740000.00', 20, 7, '37000.00', '0.00', '2025-09-24', 'Activo'),
(1497, 1600, 1, 'Viernes', '900000.00', 20, 7, '45000.00', '0.00', '2025-09-27', 'Activo'),
(1498, 1601, 2, 'Lunes', '200000.00', 4, 4, '50000.00', '0.00', '2025-09-18', 'Pagado'),
(1500, 1603, 2, 'Lunes', '192000.00', 6, 6, '32000.00', '0.00', '2025-09-01', 'Pagado'),
(1501, 1604, 1, 'Viernes', '612000.00', 18, 7, '34000.00', '0.00', '2025-09-26', 'Activo'),
(1502, 1605, 1, 'Miércoles', '880000.00', 20, 8, '44000.00', '42000.00', '2025-09-18', 'Activo'),
(1503, 1606, 1, 'Miércoles', '480000.00', 16, 13, '30000.00', '0.00', '2025-09-11', 'Activo'),
(1504, 1607, 3, 'Viernes', '680000.00', 20, 10, '34000.00', '0.00', '2025-08-25', 'Activo'),
(1505, 1608, 3, 'Viernes', '520000.00', 16, 12, '32500.00', '30000.00', '2025-09-26', 'Activo'),
(1506, 1609, 2, 'Sábado', '192000.00', 6, 6, '32000.00', '0.00', '2025-09-20', 'Pagado'),
(1507, 1610, 3, 'Viernes', '2200000.00', 20, 6, '110000.00', '0.00', '2025-09-26', 'Activo'),
(1510, 1613, 1, 'Viernes', '920000.00', 20, 6, '46000.00', '34000.00', '2025-09-22', 'Activo'),
(1511, 1614, 1, 'Lunes', '552000.00', 16, 7, '34500.00', '0.00', '2025-09-29', 'Activo'),
(1512, 1615, 1, 'Sábado', '2400.00', 24, 24, '100.00', '0.00', '2025-09-06', 'Pagado'),
(1513, 1616, 1, 'Martes', '560000.00', 16, 6, '35000.00', '0.00', '2025-09-19', 'Activo'),
(1514, 1617, 3, 'Viernes', '650000.00', 20, 18, '32500.00', '0.00', '2025-09-16', 'Activo'),
(1515, 1618, 2, 'Viernes', '780000.00', 20, 20, '39000.00', '0.00', '2025-09-12', 'Pagado'),
(1516, 1619, 1, 'Sábado', '700000.00', 20, 7, '35000.00', '0.00', '2025-09-27', 'Activo'),
(1517, 1620, 2, 'Viernes', '500000.00', 10, 10, '50000.00', '0.00', '2025-09-05', 'Pagado'),
(1518, 1621, 1, 'Viernes', '900000.00', 20, 10, '45000.00', '0.00', '2025-09-12', 'Activo'),
(1520, 1623, 1, 'Sábado', '800000.00', 20, 4, '40000.00', '20000.00', '2025-09-13', 'Activo'),
(1521, 1624, 2, 'Sábado', '600000.00', 16, 11, '37500.00', '0.00', '2025-08-18', 'Activo'),
(1522, 1625, 2, 'Sábado', '711000.00', 18, 11, '39500.00', '18500.00', '2025-09-27', 'Activo'),
(1523, 1626, 1, 'Sábado', '612000.00', 18, 7, '34000.00', '0.00', '2025-09-27', 'Activo'),
(1527, 1630, 1, 'Sábado', '660000.00', 20, 6, '33000.00', '3000.00', '2025-09-27', 'Activo'),
(1528, 1631, 3, 'Lunes', '670000.00', 20, 16, '33500.00', '0.00', '2025-08-25', 'Activo'),
(1529, 1632, 2, 'Sábado', '730000.00', 20, 7, '36500.00', '0.00', '2025-09-20', 'Activo'),
(1530, 1633, 2, 'Sábado', '480000.00', 16, 16, '30000.00', '0.00', '2025-09-09', 'Pagado'),
(1532, 1635, 2, 'Sábado', '1485000.00', 22, 22, '67500.00', '0.00', '2025-09-06', 'Pagado'),
(1533, 1636, 2, 'Sábado', '1320000.00', 20, 4, '66000.00', '0.00', '2025-09-12', 'Activo'),
(1534, 1637, 2, 'Sábado', '558000.00', 18, 12, '31000.00', '0.00', '2025-09-24', 'Activo'),
(1535, 1638, 2, 'Sábado', '840000.00', 20, 18, '42000.00', '0.00', '2025-09-20', 'Activo'),
(1536, 1639, 2, 'Sábado', '123000.00', 6, 6, '20500.00', '0.00', '2025-08-23', 'Pagado'),
(1537, 1640, 2, 'Sábado', '1300000.00', 20, 13, '65000.00', '0.00', '2025-09-29', 'Activo'),
(1539, 1642, 2, 'Sábado', '1080000.00', 20, 18, '54000.00', '0.00', '2025-09-15', 'Activo'),
(1540, 1643, 1, 'Martes', '612000.00', 18, 8, '34000.00', '0.00', '2025-09-30', 'Activo'),
(1541, 1644, 1, 'Martes', '730000.00', 20, 6, '36500.00', '0.00', '2025-09-30', 'Activo'),
(1542, 1645, 1, 'Martes', '1800000.00', 24, 5, '75000.00', '0.00', '2025-09-17', 'Activo'),
(1543, 1646, 1, 'Sábado', '730000.00', 20, 6, '36500.00', '0.00', '2025-09-27', 'Activo'),
(1544, 1647, 3, 'Lunes', '612000.00', 18, 5, '34000.00', '0.00', '2025-09-27', 'Activo'),
(1545, 1648, 3, 'Sábado', '800000.00', 20, 5, '40000.00', '0.00', '2025-09-27', 'Activo'),
(1546, 1649, 3, 'Jueves', '900000.00', 20, 3, '45000.00', '0.00', '2025-09-18', 'Activo'),
(1547, 1650, 3, 'Lunes', '800000.00', 20, 3, '40000.00', '0.00', '2025-09-23', 'Activo'),
(1548, 1651, 1, 'Viernes', '270000.00', 10, 7, '27000.00', '0.00', '2025-09-26', 'Activo'),
(1549, 1652, 2, 'Sábado', '1044000.00', 20, 2, '52200.00', '0.00', '2025-08-23', 'Activo'),
(1550, 1653, 2, 'Sábado', '192000.00', 6, 6, '32000.00', '0.00', '2025-09-20', 'Pagado'),
(1551, 1654, 2, 'Sábado', '800000.00', 20, 7, '40000.00', '0.00', '2025-09-27', 'Activo'),
(1552, 1655, 2, 'Miércoles', '448000.00', 14, 5, '32000.00', '0.00', '2025-08-22', 'Activo'),
(1553, 1656, 3, 'Sábado', '730000.00', 20, 6, '36500.00', '0.00', '2025-09-24', 'Activo'),
(1554, 1657, 3, 'Sábado', '700000.00', 20, 4, '35000.00', '0.00', '2025-09-23', 'Activo'),
(1555, 1658, 1, 'Lunes', '880000.00', 20, 5, '44000.00', '0.00', '2025-09-20', 'Activo'),
(1557, 1660, 1, 'Lunes', '420000.00', 14, 10, '30000.00', '0.00', '2025-09-23', 'Activo'),
(1558, 1661, 3, 'Lunes', '900000.00', 20, 7, '45000.00', '0.00', '2025-09-20', 'Activo'),
(1560, 1663, 3, 'Lunes', '900000.00', 20, 4, '45000.00', '0.00', '2025-09-23', 'Activo'),
(1561, 1664, 2, 'Sábado', '612000.00', 18, 14, '34000.00', '0.00', '2025-09-15', 'Activo'),
(1562, 1665, 2, 'Sábado', '561600.00', 18, 11, '31200.00', '22000.00', '2025-09-20', 'Activo'),
(1563, 1666, 1, 'Sábado', '770000.00', 20, 6, '38500.00', '38000.00', '2025-09-29', 'Activo'),
(1564, 1667, 1, 'Lunes', '360000.00', 12, 11, '30000.00', '0.00', '2025-09-29', 'Activo'),
(1565, 1668, 2, 'Lunes', '2208000.00', 24, 24, '92000.00', '0.00', '2025-09-09', 'Pagado'),
(1566, 1669, 1, 'Martes', '560000.00', 16, 3, '35000.00', '15000.00', '2025-09-30', 'Activo'),
(1567, 1670, 3, 'Miércoles', '800000.00', 20, 5, '40000.00', '0.00', '2025-09-24', 'Activo'),
(1568, 1671, 1, 'Lunes', '360000.00', 10, 5, '36000.00', '0.00', '2025-09-22', 'Activo'),
(1569, 1672, 1, 'Sábado', '760000.00', 20, 6, '38000.00', '0.00', '2025-09-27', 'Activo'),
(1570, 1673, 1, 'Sábado', '730000.00', 20, 4, '36500.00', '5000.00', '2025-09-27', 'Activo'),
(1571, 1674, 2, 'Sábado', '730000.00', 20, 6, '36500.00', '0.00', '2025-09-27', 'Activo'),
(1572, 1675, 4, 'Lunes', '240000.00', 8, 0, '30000.00', '0.00', '2025-08-04', 'Activo'),
(1573, 1676, 4, 'Sábado', '600000.00', 20, 0, '30000.00', '0.00', '2025-07-24', 'Activo'),
(1575, 1678, 4, 'Sábado', '700000.00', 20, 0, '35000.00', '0.00', '2025-08-16', 'Activo'),
(1576, 1679, 4, 'Viernes', '540000.00', 18, 0, '30000.00', '0.00', '2025-08-09', 'Activo'),
(1577, 1680, 4, 'Sábado', '880000.00', 20, 0, '44000.00', '0.00', '2025-08-09', 'Activo'),
(1578, 1681, 4, 'Sábado', '700000.00', 20, 0, '35000.00', '0.00', '2025-07-28', 'Activo'),
(1579, 1682, 4, 'Miércoles', '408000.00', 6, 0, '68000.00', '0.00', '2025-06-04', 'Activo'),
(1580, 1683, 4, 'Sábado', '996000.00', 24, 0, '41500.00', '0.00', '2025-08-22', 'Activo'),
(1581, 1684, 4, 'Sábado', '660000.00', 20, 0, '33000.00', '0.00', '2025-08-09', 'Activo'),
(1582, 1685, 3, 'Lunes', '493000.00', 17, 1, '29000.00', '0.00', '2025-09-01', 'Activo'),
(1583, 1686, 2, 'Sábado', '210000.00', 7, 0, '30000.00', '0.00', '2025-08-30', 'Activo'),
(1584, 1687, 1, 'Miércoles', '900000.00', 20, 5, '45000.00', '0.00', '2025-09-25', 'Activo'),
(1585, 1688, 3, 'Viernes', '480000.00', 16, 5, '30000.00', '0.00', '2025-09-26', 'Activo'),
(1586, 1689, 2, 'Sábado', '760000.00', 20, 4, '38000.00', '0.00', '2025-09-27', 'Activo'),
(1587, 1690, 3, 'Viernes', '730000.00', 20, 5, '36500.00', '0.00', '2025-09-26', 'Activo'),
(1588, 1691, 3, 'Viernes', '800000.00', 20, 5, '40000.00', '0.00', '2025-09-26', 'Activo'),
(1589, 1692, 1, 'Sábado', '760000.00', 20, 5, '38000.00', '0.00', '2025-09-30', 'Activo'),
(1590, 1693, 1, 'Viernes', '1536000.00', 24, 5, '64000.00', '0.00', '2025-09-26', 'Activo'),
(1591, 1694, 3, 'Sábado', '350000.00', 10, 3, '35000.00', '0.00', '2025-08-30', 'Activo'),
(1592, 1695, 2, 'Sábado', '770000.00', 20, 5, '38500.00', '0.00', '2025-09-27', 'Activo'),
(1593, 1696, 2, 'Sábado', '630000.00', 18, 5, '35000.00', '0.00', '2025-09-29', 'Activo'),
(1594, 1697, 2, 'Sábado', '660000.00', 20, 4, '33000.00', '0.00', '2025-09-20', 'Activo'),
(1595, 1698, 2, 'Sábado', '700000.00', 14, 0, '50000.00', '0.00', '2025-08-30', 'Activo'),
(1597, 1700, 1, 'Viernes', '1100000.00', 20, 4, '55000.00', '0.00', '2025-09-20', 'Activo'),
(1598, 1701, 2, 'Sábado', '210000.00', 7, 0, '30000.00', '20000.00', '2025-09-24', 'Activo'),
(1599, 1702, 1, 'Lunes', '696000.00', 12, 1, '58000.00', '28000.00', '2025-09-25', 'Activo'),
(1600, 1703, 1, 'Sábado', '612000.00', 12, 4, '51000.00', '33000.00', '2025-09-29', 'Activo'),
(1602, 1705, 2, 'Sábado', '500000.00', 10, 0, '50000.00', '0.00', '2025-09-06', 'Activo'),
(1603, 1706, 1, 'Sábado', '612000.00', 18, 8, '34000.00', '0.00', '2025-09-27', 'Activo'),
(1604, 1707, 1, 'Martes', '300000.00', 10, 4, '30000.00', '0.00', '2025-09-24', 'Activo'),
(1605, 1708, 1, 'Sábado', '660000.00', 20, 4, '33000.00', '0.00', '2025-09-27', 'Activo'),
(1606, 1709, 2, 'Sábado', '200000.00', 10, 2, '20000.00', '0.00', '2025-09-06', 'Activo'),
(1607, 1710, 2, 'Sábado', '1100000.00', 20, 3, '55000.00', '0.00', '2025-09-20', 'Activo'),
(1608, 1711, 2, 'Sábado', '504000.00', 16, 3, '31500.00', '28500.00', '2025-09-27', 'Activo'),
(1609, 1712, 1, 'Sábado', '800000.00', 20, 3, '40000.00', '0.00', '2025-09-20', 'Activo'),
(1610, 1713, 1, 'Sábado', '1400000.00', 20, 3, '70000.00', '0.00', '2025-09-23', 'Activo'),
(1611, 1714, 3, 'Jueves', '630000.00', 18, 4, '35000.00', '0.00', '2025-09-25', 'Activo'),
(1612, 1715, 3, 'Martes', '800000.00', 20, 4, '40000.00', '0.00', '2025-09-23', 'Activo'),
(1613, 1716, 3, 'Viernes', '750000.00', 20, 4, '37500.00', '0.00', '2025-09-26', 'Activo'),
(1614, 1717, 1, 'Viernes', '600000.00', 10, 3, '60000.00', '0.00', '2025-09-26', 'Activo'),
(1615, 1718, 2, 'Sábado', '2688000.00', 24, 4, '112000.00', '111800.00', '2025-09-27', 'Activo'),
(1616, 1720, 1, 'Viernes', '700000.00', 20, 4, '35000.00', '0.00', '2025-09-30', 'Activo'),
(1617, 1721, 3, 'Jueves', '800000.00', 20, 4, '40000.00', '0.00', '2025-09-27', 'Activo'),
(1618, 1722, 1, 'Sábado', '660000.00', 20, 5, '33000.00', '0.00', '2025-09-27', 'Activo'),
(1619, 1723, 3, 'Lunes', '800000.00', 20, 5, '40000.00', '0.00', '2025-09-30', 'Activo'),
(1620, 1724, 2, 'Sábado', '730000.00', 20, 4, '36500.00', '0.00', '2025-09-27', 'Activo'),
(1621, 1725, 1, 'Sábado', '700000.00', 20, 3, '35000.00', '0.00', '2025-09-27', 'Activo'),
(1622, 1726, 3, 'Viernes', '800000.00', 20, 4, '40000.00', '0.00', '2025-09-27', 'Activo'),
(1623, 1727, 1, 'Miércoles', '662400.00', 18, 3, '36800.00', '36400.00', '2025-09-25', 'Activo'),
(1624, 1728, 2, 'Lunes', '760000.00', 20, 4, '38000.00', '0.00', '2025-09-27', 'Activo'),
(1625, 1729, 2, 'Sábado', '612000.00', 18, 3, '34000.00', '0.00', '2025-09-29', 'Activo'),
(1626, 1730, 2, 'Sábado', '532000.00', 14, 4, '38000.00', '0.00', '2025-09-29', 'Activo'),
(1627, 1731, 3, 'Sábado', '840000.00', 20, 4, '42000.00', '0.00', '2025-09-27', 'Activo'),
(1628, 1732, 2, 'Sábado', '1120000.00', 20, 6, '56000.00', '6000.00', '2025-09-30', 'Activo'),
(1629, 1733, 1, 'Viernes', '1220000.00', 20, 4, '61000.00', '0.00', '2025-08-23', 'Activo'),
(1630, 1734, 1, 'Sábado', '448000.00', 14, 6, '32000.00', '1000.00', '2025-09-22', 'Activo'),
(1631, 1736, 1, 'Martes', '1810400.00', 16, 4, '113150.00', '0.00', '2025-09-30', 'Activo'),
(1632, 1737, 3, 'Sábado', '1730400.00', 20, 2, '86520.00', '270.00', '2025-09-27', 'Activo'),
(1633, 1738, 3, 'Lunes', '444000.00', 12, 4, '37000.00', '0.00', '2025-09-30', 'Activo'),
(1634, 1739, 3, 'Lunes', '532000.00', 14, 3, '38000.00', '0.00', '2025-09-23', 'Activo'),
(1635, 1740, 1, 'Sábado', '1012000.00', 22, 3, '46000.00', '0.00', '2025-09-27', 'Activo'),
(1636, 1741, 1, 'Lunes', '240000.00', 8, 4, '30000.00', '0.00', '2025-09-30', 'Activo'),
(1637, 1743, 1, 'Sábado', '900000.00', 20, 3, '45000.00', '0.00', '2025-09-27', 'Activo'),
(1638, 1744, 1, 'Lunes', '594000.00', 18, 3, '33000.00', '0.00', '2025-09-20', 'Activo'),
(1639, 1745, 1, 'Sábado', '594000.00', 18, 3, '33000.00', '0.00', '2025-09-27', 'Activo'),
(1640, 1746, 1, 'Sábado', '660000.00', 20, 2, '33000.00', '0.00', '2025-09-27', 'Activo'),
(1641, 1747, 1, 'Jueves', '804000.00', 20, 1, '40200.00', '200.00', '2025-09-25', 'Activo'),
(1642, 1748, 1, 'Lunes', '1632000.00', 24, 3, '68000.00', '0.00', '2025-09-30', 'Activo'),
(1643, 1749, 3, 'Sábado', '639000.00', 18, 3, '35500.00', '0.00', '2025-09-27', 'Activo'),
(1644, 1750, 1, 'Sábado', '760000.00', 20, 3, '38000.00', '0.00', '2025-09-27', 'Activo'),
(1645, 1751, 3, 'Sábado', '179000.00', 5, 3, '35800.00', '34600.00', '2025-09-30', 'Activo'),
(1646, 1752, 3, 'Sábado', '880000.00', 20, 2, '44000.00', '0.00', '2025-09-20', 'Activo'),
(1647, 1753, 3, 'Sábado', '730000.00', 20, 8, '36500.00', '0.00', '2025-09-27', 'Activo'),
(1648, 1754, 2, 'Sábado', '480000.00', 16, 3, '30000.00', '0.00', '2025-09-29', 'Activo'),
(1649, 1755, 3, 'Viernes', '238000.00', 7, 2, '34000.00', '0.00', '2025-09-27', 'Activo'),
(1650, 1756, 1, 'Viernes', '1536000.00', 24, 2, '64000.00', '0.00', '2025-09-26', 'Activo'),
(1651, 1757, 2, 'Sábado', '360000.00', 12, 3, '30000.00', '0.00', '2025-09-26', 'Activo'),
(1652, 1758, 2, 'Sábado', '1536000.00', 24, 2, '64000.00', '0.00', '2025-09-26', 'Activo'),
(1653, 1759, 3, 'Miércoles', '660000.00', 20, 2, '33000.00', '0.00', '2025-09-26', 'Activo'),
(1654, 1760, 3, 'Lunes', '512000.00', 16, 3, '32000.00', '0.00', '2025-09-23', 'Activo'),
(1655, 1761, 3, 'Sábado', '660000.00', 20, 2, '33000.00', '0.00', '2025-09-27', 'Activo'),
(1656, 1762, 3, 'Sábado', '800000.00', 20, 2, '40000.00', '0.00', '2025-09-27', 'Activo'),
(1657, 1763, 3, 'Miércoles', '210000.00', 6, 2, '35000.00', '0.00', '2025-09-23', 'Activo'),
(1658, 1764, 1, 'Lunes', '594000.00', 18, 3, '33000.00', '0.00', '2025-09-29', 'Activo'),
(1659, 1765, 1, 'Sábado', '434000.00', 14, 2, '31000.00', '0.00', '2025-09-27', 'Activo'),
(1660, 1766, 1, 'Viernes', '660000.00', 20, 2, '33000.00', '3000.00', '2025-09-26', 'Activo'),
(1661, 1767, 1, 'Viernes', '966000.00', 20, 1, '48300.00', '0.00', '2025-09-17', 'Activo'),
(1662, 1768, 2, 'Sábado', '860000.00', 10, 2, '86000.00', '0.00', '2025-09-29', 'Activo'),
(1663, 1769, 3, 'Sábado', '730000.00', 20, 3, '36500.00', '0.00', '2025-09-27', 'Activo'),
(1664, 1770, 1, 'Viernes', '800000.00', 20, 2, '40000.00', '0.00', '2025-09-26', 'Activo'),
(1665, 1771, 1, 'Viernes', '210000.00', 6, 2, '35000.00', '0.00', '2025-09-29', 'Activo'),
(1666, 1772, 1, 'Viernes', '960000.00', 20, 2, '48000.00', '0.00', '2025-09-26', 'Activo'),
(1667, 1773, 1, 'Sábado', '660000.00', 20, 2, '33000.00', '0.00', '2025-09-29', 'Activo'),
(1668, 1774, 1, 'Sábado', '390000.00', 12, 2, '32500.00', '0.00', '2025-09-27', 'Activo'),
(1670, 1776, 3, 'Sábado', '1848000.00', 24, 2, '77000.00', '0.00', '2025-09-30', 'Activo'),
(1671, 1777, 1, 'Sábado', '125000.00', 10, 2, '12500.00', '0.00', '2025-09-27', 'Activo'),
(1672, 1778, 2, 'Sábado', '800000.00', 20, 2, '40000.00', '0.00', '2025-09-27', 'Activo'),
(1673, 1779, 3, 'Sábado', '1680000.00', 20, 1, '84000.00', '0.00', '2025-09-20', 'Activo'),
(1674, 1780, 1, 'Sábado', '1026000.00', 12, 0, '85500.00', '0.00', '2025-09-20', 'Activo'),
(1675, 1781, 1, 'Lunes', '684000.00', 18, 2, '38000.00', '0.00', '2025-09-29', 'Activo'),
(1676, 1782, 3, 'Sábado', '684000.00', 18, 1, '38000.00', '0.00', '2025-09-20', 'Activo'),
(1677, 1783, 1, 'Sábado', '1400000.00', 28, 21, '50000.00', '0.00', '2025-09-23', 'Activo'),
(1678, 1784, 1, 'Jueves', '718000.00', 20, 1, '35900.00', '0.00', '2025-09-25', 'Activo'),
(1679, 1785, 1, 'Sábado', '594000.00', 18, 1, '33000.00', '0.00', '2025-09-23', 'Activo'),
(1680, 1786, 3, 'Viernes', '1608000.00', 24, 1, '67000.00', '0.00', '2025-09-23', 'Activo'),
(1681, 1787, 1, 'Martes', '700000.00', 14, 1, '50000.00', '0.00', '2025-09-23', 'Activo'),
(1682, 1788, 3, 'Sábado', '132000.00', 4, 1, '33000.00', '0.00', '2025-09-30', 'Activo'),
(1683, 1789, 1, 'Sábado', '819000.00', 18, 1, '45500.00', '0.00', '2025-09-26', 'Activo'),
(1684, 1790, 1, 'Sábado', '480000.00', 16, 1, '30000.00', '0.00', '2025-09-26', 'Activo'),
(1685, 1791, 2, 'Sábado', '612000.00', 18, 1, '34000.00', '0.00', '2025-09-26', 'Activo'),
(1686, 1792, 3, 'Lunes', '360000.00', 12, 0, '30000.00', '5000.00', '2025-09-27', 'Activo'),
(1687, 1793, 1, 'Sábado', '434000.00', 14, 1, '31000.00', '0.00', '2025-09-27', 'Activo'),
(1688, 1794, 1, 'Sábado', '80000.00', 4, 0, '20000.00', '0.00', '2025-09-27', 'Activo'),
(1689, 1795, 1, 'Lunes', '1200000.00', 16, 0, '75000.00', '0.00', '2025-09-29', 'Activo'),
(1690, 1796, 1, 'Sábado', '288000.00', 8, 1, '36000.00', '0.00', '2025-09-30', 'Activo'),
(1691, 1797, 3, 'Miércoles', '760000.00', 20, 1, '38000.00', '0.00', '2025-10-01', 'Activo');

-- --------------------------------------------------------

--
-- Estructura de tabla para la tabla `pagos`
--

CREATE TABLE `pagos` (
  `id` int NOT NULL,
  `credito_id` int NOT NULL,
  `usuario_id` int NOT NULL,
  `monto_pagado` decimal(10,2) NOT NULL,
  `fecha_pago` date NOT NULL
) ENGINE=InnoDB DEFAULT CHARSET=utf8mb4 COLLATE=utf8mb4_general_ci;

--
-- Volcado de datos para la tabla `pagos`
--

INSERT INTO `pagos` (`id`, `credito_id`, `usuario_id`, `monto_pagado`, `fecha_pago`) VALUES
(23, 1275, 2, '37500.00', '2025-08-09'),
(24, 1270, 2, '29000.00', '2025-08-18'),
(25, 1271, 2, '30000.00', '2025-08-16'),
(26, 1399, 3, '35000.00', '2025-08-18'),
(27, 1280, 2, '71500.00', '2025-08-18'),
(28, 1408, 3, '87500.00', '2025-08-04'),
(29, 1294, 2, '40000.00', '2025-08-18'),
(30, 1295, 2, '67500.00', '2025-08-12'),
(31, 1243, 1, '32000.00', '2025-08-16'),
(32, 1407, 3, '62000.00', '2025-08-19'),
(33, 1299, 2, '70000.00', '2025-08-11'),
(34, 1312, 2, '28000.00', '2025-08-18'),
(35, 1425, 3, '25000.00', '2025-08-06'),
(36, 1332, 2, '30000.00', '2025-08-11'),
(37, 1344, 2, '33000.00', '2025-08-12'),
(38, 1482, 1, '40000.00', '2025-08-16'),
(39, 1431, 3, '28000.00', '2025-08-20'),
(40, 1207, 1, '34000.00', '2025-08-16'),
(41, 1343, 2, '33500.00', '2025-08-12'),
(42, 1434, 3, '28000.00', '2025-08-13'),
(44, 1348, 2, '40000.00', '2025-08-18'),
(45, 1353, 2, '44000.00', '2025-08-12'),
(46, 1355, 2, '31200.00', '2025-08-18'),
(47, 1194, 1, '40000.00', '2025-08-16'),
(49, 1422, 3, '34000.00', '2025-08-13'),
(50, 1342, 2, '34000.00', '2025-08-14'),
(52, 1414, 4, '38000.00', '2025-08-15'),
(53, 1429, 3, '60000.00', '2025-08-18'),
(54, 1298, 2, '62500.00', '2025-08-12'),
(55, 1219, 1, '40000.00', '2025-08-15'),
(56, 1424, 4, '32500.00', '2025-08-19'),
(57, 1307, 2, '34000.00', '2025-08-12'),
(58, 1193, 1, '65000.00', '2025-08-16'),
(59, 1433, 3, '32000.00', '2025-08-19'),
(60, 1333, 2, '29000.00', '2025-08-12'),
(61, 1448, 3, '21700.00', '2025-08-12'),
(63, 1338, 2, '38000.00', '2025-08-11'),
(64, 1457, 3, '20000.00', '2025-08-13'),
(65, 1337, 2, '34000.00', '2025-08-15'),
(66, 1338, 2, '38000.00', '2025-08-11'),
(67, 1490, 1, '104200.00', '2025-08-19'),
(68, 1459, 3, '37500.00', '2025-08-19'),
(69, 1460, 3, '30000.00', '2025-08-18'),
(70, 1478, 3, '34000.00', '2025-08-18'),
(71, 1381, 2, '40000.00', '2025-08-11'),
(72, 1383, 2, '42000.00', '2025-08-05'),
(73, 1188, 1, '37500.00', '2025-08-15'),
(74, 1480, 3, '30000.00', '2025-08-19'),
(75, 1178, 1, '34000.00', '2025-08-12'),
(76, 1492, 4, '34000.00', '2025-08-18'),
(77, 1487, 2, '40000.00', '2025-08-19'),
(78, 1208, 1, '25700.00', '2025-08-11'),
(79, 1276, 2, '32500.00', '2025-08-13'),
(80, 1494, 3, '34000.00', '2025-08-15'),
(81, 1495, 4, '33000.00', '2025-08-19'),
(82, 1496, 2, '37000.00', '2025-08-13'),
(83, 1497, 1, '45000.00', '2025-08-15'),
(84, 1198, 1, '64000.00', '2025-08-12'),
(85, 1363, 2, '42000.00', '2025-07-26'),
(86, 1498, 3, '45000.00', '2025-08-18'),
(87, 1258, 1, '40000.00', '2025-08-15'),
(88, 1306, 2, '50000.00', '2025-08-14'),
(90, 1236, 1, '32000.00', '2025-08-09'),
(92, 1384, 2, '34000.00', '2025-08-14'),
(93, 1500, 3, '32000.00', '2025-08-19'),
(94, 1239, 1, '40000.00', '2025-08-15'),
(95, 1278, 2, '35000.00', '2025-08-08'),
(97, 1274, 2, '61000.00', '2025-08-15'),
(101, 1397, 3, '33000.00', '2025-08-13'),
(103, 1285, 2, '39000.00', '2025-08-07'),
(105, 1501, 1, '34000.00', '2025-08-15'),
(106, 1297, 2, '30000.00', '2025-08-15'),
(107, 1421, 3, '33000.00', '2025-08-14'),
(108, 1296, 2, '40000.00', '2025-08-18'),
(109, 1308, 2, '36000.00', '2025-08-15'),
(110, 1303, 2, '52500.00', '2025-07-27'),
(111, 1314, 2, '33000.00', '2025-08-15'),
(112, 1502, 3, '44000.00', '2025-08-18'),
(113, 1315, 2, '44000.00', '2025-08-15'),
(114, 1502, 3, '44000.00', '2025-08-18'),
(115, 1323, 2, '42000.00', '2025-08-08'),
(116, 1327, 2, '35000.00', '2025-08-15'),
(117, 1330, 2, '33000.00', '2025-08-16'),
(119, 1206, 1, '34000.00', '2025-08-12'),
(120, 1347, 2, '33500.00', '2025-08-15'),
(121, 1349, 2, '37000.00', '2025-08-15'),
(122, 1503, 3, '30000.00', '2025-08-15'),
(123, 1159, 1, '64000.00', '2025-08-15'),
(124, 1222, 2, '37500.00', '2025-08-15'),
(125, 1354, 2, '32500.00', '2025-08-15'),
(126, 1360, 2, '35000.00', '2025-08-15'),
(127, 1221, 1, '50000.00', '2025-08-16'),
(129, 1504, 2, '34000.00', '2025-08-14'),
(130, 1430, 3, '40000.00', '2025-08-06'),
(131, 1438, 3, '33000.00', '2025-08-14'),
(132, 1367, 2, '37500.00', '2025-08-11'),
(133, 1455, 3, '40000.00', '2025-08-12'),
(134, 1472, 3, '36000.00', '2025-08-14'),
(135, 1505, 2, '32500.00', '2025-08-08'),
(136, 1505, 2, '32500.00', '2025-08-08'),
(137, 1476, 3, '66000.00', '2025-08-14'),
(139, 1423, 3, '55000.00', '2025-08-15'),
(140, 1378, 2, '36000.00', '2025-08-16'),
(141, 1382, 2, '66000.00', '2025-08-15'),
(142, 1506, 3, '32000.00', '2025-08-14'),
(143, 1507, 2, '110000.00', '2025-08-14'),
(144, 1345, 2, '40000.00', '2025-08-16'),
(145, 1234, 1, '34000.00', '2025-08-19'),
(146, 1510, 1, '46000.00', '2025-07-15'),
(147, 1510, 1, '20000.00', '2025-07-26'),
(148, 1510, 1, '100000.00', '2025-08-09'),
(149, 1510, 1, '50000.00', '2025-08-18'),
(150, 1510, 1, '46000.00', '2025-08-18'),
(151, 1510, 1, '14000.00', '2025-08-19'),
(152, 1483, 1, '40000.00', '2025-08-19'),
(155, 1168, 1, '36000.00', '2025-08-08'),
(156, 1226, 1, '33500.00', '2025-08-18'),
(158, 1192, 1, '70000.00', '2025-08-18'),
(159, 1182, 1, '43000.00', '2025-08-09'),
(160, 1182, 1, '55000.00', '2025-08-11'),
(161, 1182, 1, '40000.00', '2025-08-18'),
(162, 1195, 1, '32000.00', '2025-08-18'),
(163, 1158, 1, '35000.00', '2025-08-18'),
(164, 1161, 1, '36000.00', '2025-08-18'),
(165, 1511, 1, '34500.00', '2025-08-14'),
(166, 1199, 1, '40000.00', '2025-08-11'),
(168, 1191, 1, '28000.00', '2025-08-19'),
(169, 1512, 1, '100.00', '2025-08-09'),
(170, 1214, 1, '28500.00', '2025-08-18'),
(171, 1231, 1, '40000.00', '2025-08-19'),
(172, 1220, 1, '33000.00', '2025-08-19'),
(173, 1174, 1, '32500.00', '2025-08-11'),
(174, 1260, 1, '49000.00', '2025-08-12'),
(175, 1259, 1, '30000.00', '2025-08-12'),
(176, 1176, 1, '70.00', '2025-08-13'),
(177, 1185, 1, '30000.00', '2025-08-19'),
(178, 1257, 1, '31000.00', '2025-08-19'),
(179, 1401, 3, '46000.00', '2025-06-18'),
(180, 1202, 1, '40000.00', '2025-08-19'),
(181, 1162, 1, '28000.00', '2025-08-18'),
(182, 1401, 3, '46000.00', '2025-08-18'),
(183, 1154, 1, '30000.00', '2025-08-13'),
(184, 1513, 1, '35000.00', '2025-08-14'),
(187, 1235, 1, '34000.00', '2025-08-18'),
(188, 1248, 1, '63000.00', '2025-08-16'),
(189, 1514, 3, '32500.00', '2025-08-18'),
(190, 1196, 1, '28000.00', '2025-08-16'),
(191, 1411, 3, '40700.00', '2025-08-15'),
(192, 1415, 3, '34500.00', '2025-08-15'),
(193, 1246, 1, '212500.00', '2025-07-19'),
(194, 1246, 1, '124300.00', '2025-08-02'),
(195, 1246, 1, '200000.00', '2025-08-12'),
(196, 1246, 1, '200000.00', '2025-08-16'),
(197, 1416, 3, '40000.00', '2025-08-15'),
(198, 1247, 1, '34000.00', '2025-08-16'),
(199, 1443, 3, '34000.00', '2025-08-18'),
(200, 1245, 1, '26500.00', '2025-08-06'),
(201, 1450, 3, '33000.00', '2025-08-16'),
(202, 1249, 1, '40000.00', '2025-08-16'),
(203, 1250, 1, '36500.00', '2025-08-16'),
(204, 1451, 3, '36000.00', '2025-08-15'),
(206, 1252, 1, '60000.00', '2025-08-15'),
(207, 1254, 1, '22500.00', '2025-08-09'),
(208, 1516, 1, '35000.00', '2025-08-15'),
(209, 1515, 3, '39000.00', '2025-08-15'),
(210, 1262, 1, '76000.00', '2025-08-02'),
(211, 1517, 3, '50000.00', '2025-08-15'),
(212, 1263, 1, '32500.00', '2025-08-16'),
(213, 1518, 3, '45000.00', '2025-08-15'),
(214, 1265, 1, '44000.00', '2025-08-16'),
(215, 1449, 3, '32500.00', '2025-08-12'),
(216, 1241, 1, '52000.00', '2025-08-16'),
(219, 1175, 1, '30000.00', '2025-07-08'),
(220, 1170, 1, '30000.00', '2025-08-12'),
(221, 1171, 1, '34000.00', '2025-09-12'),
(228, 1398, 3, '32500.00', '2025-08-19'),
(230, 1492, 1, '34000.00', '2025-08-19'),
(231, 1169, 1, '24500.00', '2025-06-27'),
(232, 1169, 1, '34500.00', '2025-07-23'),
(233, 1169, 1, '20000.00', '2025-08-02'),
(234, 1520, 1, '40000.00', '2025-08-14'),
(235, 1521, 3, '37500.00', '2025-08-18'),
(236, 1165, 1, '35000.00', '2025-07-12'),
(237, 1165, 1, '35000.00', '2025-07-22'),
(238, 1165, 1, '24000.00', '2025-07-30'),
(239, 1165, 1, '35000.00', '2025-08-06'),
(240, 1165, 1, '9000.00', '2025-08-07'),
(241, 1165, 1, '43000.00', '2025-08-14'),
(242, 1163, 1, '38000.00', '2025-08-16'),
(243, 1164, 1, '24000.00', '2025-08-16'),
(244, 1160, 1, '30000.00', '2025-08-15'),
(245, 1155, 1, '34000.00', '2025-08-16'),
(246, 1179, 1, '31000.00', '2025-08-13'),
(247, 1183, 1, '37500.00', '2025-08-09'),
(248, 1410, 3, '35000.00', '2025-08-18'),
(249, 1181, 1, '57000.00', '2025-07-16'),
(250, 1180, 1, '38000.00', '2025-08-12'),
(251, 1187, 1, '40000.00', '2025-08-16'),
(252, 1417, 3, '29500.00', '2025-08-09'),
(254, 1419, 3, '55000.00', '2025-08-18'),
(255, 1197, 1, '38000.00', '2025-08-16'),
(256, 1420, 3, '30000.00', '2025-08-18'),
(257, 1200, 1, '70000.00', '2029-09-12'),
(258, 1203, 1, '40000.00', '2025-08-16'),
(260, 1523, 1, '34000.00', '2025-08-14'),
(264, 1431, 3, '30000.00', '2025-08-12'),
(265, 1441, 3, '37500.00', '2025-08-14'),
(266, 1269, 2, '70000.00', '2025-08-15'),
(267, 1277, 2, '35000.00', '2025-08-18'),
(268, 1272, 2, '30000.00', '2025-08-16'),
(269, 1281, 2, '34000.00', '2025-08-16'),
(270, 1283, 2, '30000.00', '2025-08-11'),
(271, 1282, 2, '31000.00', '2025-08-14'),
(272, 1286, 2, '34000.00', '2025-08-16'),
(274, 1287, 2, '34000.00', '2025-08-21'),
(275, 1288, 2, '60000.00', '2025-08-16'),
(276, 1288, 2, '60000.00', '2025-08-16'),
(277, 1289, 2, '34000.00', '2025-08-16'),
(278, 1287, 2, '34000.00', '2025-08-16'),
(279, 1290, 2, '35000.00', '2025-08-16'),
(280, 1292, 2, '50000.00', '2025-08-18'),
(281, 1293, 2, '36000.00', '2025-08-02'),
(282, 1304, 2, '32300.00', '2025-08-16'),
(283, 1300, 2, '40000.00', '2025-08-16'),
(284, 1317, 2, '35000.00', '2025-08-16'),
(285, 1301, 2, '40000.00', '2025-08-16'),
(286, 1302, 2, '40000.00', '2025-08-16'),
(287, 1305, 2, '34000.00', '2025-08-18'),
(288, 1309, 2, '60000.00', '2025-08-11'),
(290, 1311, 2, '50700.00', '2025-08-16'),
(291, 1316, 2, '40000.00', '2025-08-15'),
(292, 1319, 2, '34000.00', '2025-08-16'),
(293, 1318, 2, '44000.00', '2025-08-18'),
(294, 1320, 2, '35000.00', '2025-08-18'),
(295, 1322, 2, '42000.00', '2025-08-16'),
(296, 1324, 2, '31000.00', '2025-08-15'),
(297, 1326, 2, '37500.00', '2025-08-18'),
(298, 1329, 2, '35000.00', '2025-08-11'),
(299, 1328, 2, '40000.00', '2025-08-18'),
(300, 1331, 2, '34000.00', '2025-08-16'),
(301, 1334, 2, '60000.00', '2025-08-11'),
(302, 1204, 1, '70000.00', '2025-08-14'),
(303, 1336, 2, '52000.00', '2025-08-18'),
(304, 1213, 1, '35000.00', '2025-08-16'),
(305, 1340, 2, '35000.00', '2025-08-18'),
(306, 1339, 2, '55000.00', '2025-08-12'),
(308, 1352, 2, '30000.00', '2025-08-12'),
(309, 1215, 1, '30000.00', '2025-08-16'),
(310, 1350, 2, '30000.00', '2025-08-16'),
(311, 1216, 1, '30000.00', '2025-08-16'),
(313, 1217, 1, '34000.00', '2025-08-18'),
(315, 1217, 1, '34000.00', '2025-08-18'),
(316, 1351, 2, '34000.00', '2025-08-16'),
(317, 1361, 2, '34000.00', '2025-08-18'),
(319, 1362, 2, '26500.00', '2025-08-16'),
(320, 1364, 2, '35000.00', '2025-08-16'),
(321, 1223, 1, '30000.00', '2025-08-16'),
(322, 1365, 2, '29000.00', '2025-08-18'),
(323, 1527, 1, '30000.00', '2025-08-14'),
(324, 1527, 1, '33000.00', '2025-08-14'),
(326, 1256, 1, '36000.00', '2025-08-18'),
(327, 1372, 2, '37000.00', '2025-08-11'),
(332, 1228, 1, '40000.00', '2025-08-16'),
(333, 1368, 2, '40000.00', '2025-08-16'),
(334, 1371, 2, '30000.00', '2025-08-17'),
(335, 1370, 2, '34000.00', '2025-07-27'),
(336, 1371, 2, '30000.00', '2025-08-18'),
(337, 1376, 2, '27000.00', '2025-08-16'),
(338, 1377, 2, '30000.00', '2025-08-16'),
(339, 1380, 2, '31000.00', '2025-08-15'),
(340, 1386, 2, '34000.00', '2025-08-16'),
(341, 1387, 2, '33000.00', '2025-08-16'),
(342, 1388, 2, '28000.00', '2025-08-18'),
(343, 1389, 2, '35000.00', '2025-08-16'),
(344, 1391, 2, '60000.00', '2025-08-16'),
(345, 1392, 2, '44000.00', '2025-08-16'),
(346, 1312, 2, '28000.00', '2025-08-18'),
(347, 1369, 2, '30000.00', '2025-08-18'),
(348, 1528, 2, '33500.00', '2025-08-14'),
(349, 1338, 2, '38000.00', '2025-08-11'),
(350, 1337, 2, '34000.00', '2025-08-15'),
(351, 1504, 2, '34000.00', '2025-08-14'),
(352, 1272, 2, '30000.00', '2025-08-16'),
(353, 1272, 2, '40000.00', '2025-08-16'),
(354, 1272, 2, '30000.00', '2025-08-16'),
(355, 1522, 3, '40000.00', '2025-08-18'),
(356, 1372, 2, '500.00', '2025-08-11'),
(358, 1445, 3, '38000.00', '2025-08-16'),
(359, 1452, 3, '40000.00', '2025-08-12'),
(360, 1271, 2, '40000.00', '2025-08-19'),
(361, 1446, 3, '34000.00', '2025-08-13'),
(362, 1447, 3, '34000.00', '2025-08-18'),
(363, 1529, 3, '36500.00', '2025-08-16'),
(364, 1458, 3, '35000.00', '2025-08-08'),
(365, 1462, 3, '36000.00', '2025-08-09'),
(366, 1463, 3, '3.00', '2025-08-16'),
(367, 1463, 3, '33997.00', '2025-08-16'),
(368, 1465, 3, '68000.00', '2025-08-16'),
(369, 1464, 3, '30000.00', '2025-08-16'),
(370, 1466, 3, '44000.00', '2025-08-16'),
(371, 1295, 2, '67000.00', '2025-08-19'),
(372, 1307, 2, '34000.00', '2025-08-19'),
(373, 1333, 2, '29000.00', '2025-08-19'),
(374, 1338, 2, '38000.00', '2025-08-19'),
(375, 1339, 2, '49000.00', '2025-08-19'),
(376, 1339, 2, '49000.00', '2025-08-20'),
(377, 1530, 3, '30000.00', '2025-08-16'),
(378, 1343, 2, '33500.00', '2025-08-19'),
(379, 1344, 2, '33000.00', '2025-08-19'),
(380, 1353, 2, '44000.00', '2025-08-19'),
(381, 1367, 2, '37500.00', '2025-08-19'),
(382, 1505, 2, '32500.00', '2025-08-19'),
(383, 1381, 2, '40000.00', '2025-08-19'),
(384, 1467, 3, '34000.00', '2025-08-16'),
(386, 1475, 3, '33500.00', '2025-08-16'),
(387, 1474, 3, '45000.00', '2025-08-16'),
(388, 1473, 3, '52000.00', '2025-08-16'),
(389, 1275, 2, '37500.00', '2025-08-20'),
(390, 1496, 2, '37000.00', '2025-08-20'),
(391, 1276, 2, '32500.00', '2025-08-20'),
(392, 1298, 2, '62500.00', '2025-08-20'),
(395, 1532, 3, '67500.00', '2025-08-18'),
(396, 1533, 3, '66000.00', '2025-08-13'),
(397, 1534, 3, '31000.00', '2025-08-16'),
(398, 1535, 3, '42000.00', '2025-08-18'),
(399, 1536, 3, '20500.00', '2025-08-16'),
(400, 1537, 3, '65000.00', '2025-08-16'),
(401, 1539, 3, '54000.00', '2025-08-18'),
(402, 1540, 2, '34000.00', '2025-08-20'),
(403, 1541, 2, '36500.00', '2025-08-20'),
(404, 1542, 2, '75000.00', '2025-08-20'),
(405, 1543, 2, '36500.00', '2025-08-20'),
(406, 1544, 2, '34000.00', '2025-08-20'),
(407, 1503, 1, '30000.00', '2025-08-21'),
(408, 1476, 1, '66000.00', '2025-08-21'),
(409, 1455, 1, '40000.00', '2025-08-21'),
(410, 1438, 1, '33000.00', '2025-08-21'),
(411, 1457, 1, '36500.00', '2025-08-21'),
(412, 1275, 1, '37500.00', '2025-08-20'),
(413, 1372, 1, '37000.00', '2025-08-21'),
(417, 1399, 1, '1.00', '2025-08-22'),
(419, 1545, 2, '40000.00', '2025-08-21'),
(420, 1546, 2, '45000.00', '2025-08-21'),
(421, 1547, 2, '40000.00', '2025-08-21'),
(422, 1234, 1, '34000.00', '2025-08-21'),
(423, 1548, 1, '27000.00', '2025-08-16'),
(424, 1397, 1, '33000.00', '2025-08-21'),
(425, 1434, 1, '28000.00', '2025-08-21'),
(426, 1549, 1, '52200.00', '2025-08-16'),
(427, 1421, 1, '33000.00', '2025-08-21'),
(428, 1462, 1, '36000.00', '2025-08-21'),
(429, 1518, 1, '45000.00', '2025-08-21'),
(430, 1550, 1, '32000.00', '2025-08-14'),
(431, 1485, 1, '34500.00', '2025-08-16'),
(432, 1484, 1, '38000.00', '2025-08-19'),
(433, 1551, 1, '40000.00', '2025-08-16'),
(434, 1552, 2, '32000.00', '2025-08-14'),
(435, 1529, 1, '36500.00', '2025-08-16'),
(437, 1343, 1, '33500.00', '2025-08-21'),
(438, 1334, 1, '60000.00', '2025-08-21'),
(439, 1299, 1, '70000.00', '2025-08-21'),
(440, 1372, 1, '37000.00', '2025-08-21'),
(442, 1169, 1, '40000.00', '2025-08-22'),
(443, 1176, 1, '70.00', '2025-08-22'),
(444, 1188, 1, '37000.00', '2025-08-23'),
(445, 1188, 1, '37000.00', '2025-08-22'),
(446, 1198, 1, '64000.00', '2025-08-22'),
(447, 1208, 1, '25500.00', '2025-08-22'),
(449, 1236, 1, '32000.00', '2025-08-22'),
(450, 1239, 1, '30000.00', '2025-08-22'),
(452, 1254, 1, '22500.00', '2025-08-22'),
(454, 1258, 1, '40000.00', '2025-08-22'),
(455, 1248, 1, '63000.00', '2025-08-22'),
(456, 1196, 1, '28000.00', '2025-08-22'),
(459, 1501, 1, '34000.00', '2025-08-22'),
(461, 1206, 1, '34000.00', '2025-08-22'),
(462, 1497, 1, '45000.00', '2025-08-22'),
(463, 1555, 1, '44000.00', '2025-08-22'),
(464, 1554, 1, '35000.00', '2025-08-22'),
(465, 1553, 1, '36500.00', '2025-08-22'),
(466, 1274, 1, '61000.00', '2025-08-22'),
(467, 1297, 1, '30000.00', '2025-08-22'),
(468, 1306, 1, '50000.00', '2025-08-22'),
(469, 1308, 1, '36000.00', '2025-08-22'),
(470, 1314, 1, '33000.00', '2025-08-22'),
(473, 1323, 1, '42000.00', '2025-08-22'),
(474, 1327, 1, '35000.00', '2025-08-22'),
(475, 1347, 1, '33500.00', '2025-08-22'),
(476, 1349, 1, '37000.00', '2025-08-22'),
(477, 1384, 1, '34000.00', '2025-08-22'),
(478, 1507, 1, '110000.00', '2025-08-22'),
(480, 1396, 1, '45000.00', '2025-08-22'),
(481, 1396, 1, '45000.00', '2025-08-22'),
(482, 1552, 1, '32000.00', '2025-08-22'),
(483, 1552, 1, '32000.00', '2025-08-22'),
(484, 1411, 1, '40700.00', '2025-08-22'),
(485, 1415, 1, '34500.00', '2025-08-22'),
(486, 1548, 1, '27000.00', '2025-08-22'),
(487, 1416, 1, '40000.00', '2025-08-22'),
(488, 1416, 1, '40000.00', '2025-08-22'),
(489, 1449, 1, '32500.00', '2025-08-22'),
(490, 1450, 1, '33000.00', '2025-08-22'),
(491, 1472, 1, '36000.00', '2025-08-22'),
(495, 1232, 1, '30000.00', '2025-08-19'),
(496, 1233, 1, '40000.00', '2025-08-19'),
(497, 1253, 1, '34000.00', '2025-08-22'),
(498, 1557, 1, '30000.00', '2025-08-18'),
(499, 1174, 1, '32500.00', '2025-08-20'),
(500, 1235, 1, '34000.00', '2025-08-20'),
(502, 1275, 2, '37500.00', '2025-08-20'),
(503, 1295, 2, '500.00', '2025-08-19'),
(504, 1353, 2, '44000.00', '2025-08-19'),
(506, 1285, 2, '39000.00', '2025-08-21'),
(507, 1315, 2, '44000.00', '2025-08-22'),
(508, 1154, 1, '30000.00', '2025-08-20'),
(509, 1354, 2, '32500.00', '2025-08-22'),
(510, 1505, 2, '32500.00', '2025-08-22'),
(511, 1236, 1, '32000.00', '2025-08-22'),
(515, 1262, 1, '38000.00', '2025-07-05'),
(516, 1262, 1, '38000.00', '2025-07-12'),
(517, 1262, 1, '38000.00', '2025-07-19'),
(518, 1262, 1, '76000.00', '2025-08-02'),
(519, 1262, 1, '74000.00', '2025-08-20'),
(522, 1558, 2, '45000.00', '2025-08-18'),
(523, 1208, 2, '200.00', '2025-08-22'),
(524, 1180, 2, '500.00', '2025-08-23'),
(528, 1510, 1, '33000.00', '2025-08-23'),
(529, 1551, 1, '40000.00', '2025-08-23'),
(530, 1420, 1, '30000.00', '2025-08-23'),
(531, 1561, 1, '34000.00', '2025-08-23'),
(532, 1437, 1, '31000.00', '2025-08-23'),
(533, 1445, 1, '34000.00', '2025-08-23'),
(534, 1451, 1, '36000.00', '2025-08-23'),
(535, 1458, 1, '35000.00', '2025-08-23'),
(536, 1458, 1, '35000.00', '2025-08-23'),
(537, 1463, 1, '34000.00', '2025-08-23'),
(538, 1465, 1, '58000.00', '2025-08-23'),
(539, 1473, 1, '52000.00', '2025-08-23'),
(540, 1474, 1, '45000.00', '2025-08-23'),
(541, 1475, 1, '33500.00', '2025-08-23'),
(542, 1506, 1, '32000.00', '2025-08-23'),
(543, 1441, 1, '37500.00', '2025-08-23'),
(545, 1536, 1, '20500.00', '2025-08-23'),
(546, 1398, 1, '32500.00', '2025-08-23'),
(547, 1401, 1, '46000.00', '2025-08-23'),
(548, 1549, 1, '52200.00', '2025-08-23'),
(549, 1443, 1, '34000.00', '2025-08-23'),
(550, 1452, 1, '40000.00', '2025-08-23'),
(551, 1462, 1, '36000.00', '2025-08-23'),
(552, 1466, 1, '44000.00', '2025-08-23'),
(553, 1468, 1, '40000.00', '2025-08-23'),
(554, 1467, 1, '34000.00', '2025-08-23'),
(555, 1530, 1, '30000.00', '2025-08-23'),
(557, 1502, 1, '44000.00', '2025-08-23'),
(558, 1532, 1, '67500.00', '2025-08-23'),
(559, 1533, 1, '66000.00', '2025-08-23'),
(560, 1550, 1, '32000.00', '2025-08-23'),
(561, 1562, 1, '31200.00', '2025-05-17'),
(562, 1562, 1, '30000.00', '2025-05-24'),
(563, 1562, 1, '55000.00', '2025-06-14'),
(564, 1562, 1, '8600.00', '2025-06-14'),
(565, 1562, 1, '40700.00', '2025-07-12'),
(566, 1562, 1, '40700.00', '2025-07-12'),
(567, 1562, 1, '24000.00', '2025-08-24'),
(568, 1562, 1, '12200.00', '2025-08-13'),
(569, 1562, 1, '30000.00', '2025-08-18'),
(570, 1562, 1, '30000.00', '2025-08-23'),
(571, 1160, 1, '30000.00', '2025-08-23'),
(572, 1170, 1, '30000.00', '2025-08-23'),
(573, 1520, 1, '40000.00', '2025-08-23'),
(574, 1178, 1, '34000.00', '2025-08-23'),
(575, 1179, 1, '31000.00', '2025-08-23'),
(576, 1180, 1, '38500.00', '2025-08-23'),
(577, 1181, 1, '57000.00', '2025-08-23'),
(578, 1187, 1, '40000.00', '2025-08-23'),
(579, 1194, 1, '40000.00', '2025-08-23'),
(580, 1203, 1, '40000.00', '2025-08-23'),
(581, 1207, 1, '34000.00', '2025-08-23'),
(582, 1219, 1, '40000.00', '2025-08-23'),
(583, 1563, 1, '38500.00', '2025-08-25'),
(584, 1563, 1, '38500.00', '2025-08-25'),
(585, 1527, 1, '33000.00', '2025-08-23'),
(586, 1241, 1, '52000.00', '2025-08-23'),
(587, 1243, 1, '32000.00', '2025-08-23'),
(588, 1247, 1, '34000.00', '2025-08-23'),
(589, 1516, 1, '35000.00', '2025-08-23'),
(590, 1256, 1, '36000.00', '2025-08-23'),
(591, 1260, 1, '49000.00', '2025-08-23'),
(592, 1259, 1, '30000.00', '2025-08-23'),
(594, 1265, 1, '44000.00', '2025-08-23'),
(595, 1564, 2, '30000.00', '2025-08-18'),
(596, 1197, 1, '38000.00', '2025-08-23'),
(597, 1217, 1, '34000.00', '2025-08-23'),
(598, 1155, 1, '34000.00', '2025-08-23'),
(599, 1565, 2, '92000.00', '2025-08-18'),
(600, 1165, 1, '29000.00', '2025-08-23'),
(601, 1200, 1, '70000.00', '2025-08-23'),
(603, 1213, 1, '35000.00', '2025-08-23'),
(604, 1214, 1, '28500.00', '2025-08-23'),
(605, 1216, 1, '30000.00', '2025-08-23'),
(606, 1249, 1, '40000.00', '2025-08-23'),
(607, 1270, 1, '29000.00', '2025-08-25'),
(608, 1272, 1, '30000.00', '2025-08-25'),
(609, 1280, 1, '71500.00', '2025-08-25'),
(610, 1283, 1, '30000.00', '2025-08-25'),
(611, 1305, 1, '34000.00', '2025-08-25'),
(612, 1312, 1, '28000.00', '2025-08-25'),
(613, 1316, 1, '40000.00', '2025-08-25'),
(614, 1361, 1, '34000.00', '2025-08-25'),
(615, 1329, 1, '35000.00', '2025-08-25'),
(616, 1336, 1, '52000.00', '2025-08-25'),
(617, 1487, 1, '40000.00', '2025-08-25'),
(618, 1345, 1, '40000.00', '2025-08-25'),
(619, 1355, 1, '31200.00', '2025-08-25'),
(620, 1362, 1, '26500.00', '2025-08-25'),
(621, 1368, 1, '40000.00', '2025-08-25'),
(622, 1369, 1, '30000.00', '2025-08-25'),
(623, 1376, 1, '27000.00', '2025-08-25'),
(624, 1378, 1, '36000.00', '2025-08-25'),
(625, 1388, 1, '28000.00', '2025-08-25'),
(626, 1319, 1, '34000.00', '2025-08-25'),
(627, 1399, 1, '34999.00', '2025-08-25'),
(628, 1446, 1, '34000.00', '2025-08-25'),
(629, 1431, 1, '30000.00', '2025-08-25'),
(630, 1459, 1, '37500.00', '2025-08-25'),
(631, 1460, 1, '30000.00', '2025-08-25'),
(632, 1532, 1, '34000.00', '2025-08-25'),
(633, 1539, 1, '54000.00', '2025-08-26'),
(634, 1454, 1, '54000.00', '2025-08-26'),
(635, 1158, 1, '35000.00', '2025-08-25'),
(636, 1171, 1, '34000.00', '2025-08-25'),
(637, 1182, 1, '32000.00', '2025-08-25'),
(638, 1192, 1, '70000.00', '2025-08-25'),
(639, 1195, 1, '32000.00', '2025-08-25'),
(640, 1199, 1, '60000.00', '2025-08-25'),
(641, 1201, 1, '25500.00', '2025-08-25'),
(642, 1215, 1, '30000.00', '2025-08-25'),
(643, 1228, 1, '40000.00', '2025-08-25'),
(644, 1252, 1, '80000.00', '2025-08-25'),
(645, 1253, 1, '34000.00', '2025-08-25'),
(646, 1557, 1, '30000.00', '2025-08-25'),
(647, 1161, 1, '36000.00', '2025-08-26'),
(648, 1226, 1, '33500.00', '2025-08-26'),
(649, 1482, 1, '40000.00', '2025-08-25'),
(650, 1213, 1, '6000.00', '2025-08-26'),
(651, 1566, 2, '35000.00', '2025-08-25'),
(652, 1567, 2, '40000.00', '2025-08-25'),
(653, 1568, 2, '36000.00', '2025-08-25'),
(654, 1569, 2, '38000.00', '2025-08-25'),
(655, 1570, 2, '36500.00', '2025-08-25'),
(656, 1571, 2, '36500.00', '2025-08-23'),
(657, 1240, 1, '30000.00', '2025-08-20'),
(658, 1424, 1, '32500.00', '2025-08-26'),
(659, 1419, 1, '55000.00', '2025-08-26'),
(660, 1522, 1, '40000.00', '2025-08-26'),
(661, 1275, 1, '37500.00', '2025-08-26'),
(662, 1381, 1, '40000.00', '2025-08-26'),
(663, 1367, 1, '35000.00', '2025-08-26'),
(664, 1222, 1, '37500.00', '2025-08-26'),
(665, 1343, 1, '33500.00', '2025-08-26'),
(666, 1344, 1, '3300.00', '2025-08-26'),
(667, 1344, 1, '29700.00', '2025-08-26'),
(668, 1342, 1, '34000.00', '2025-08-26'),
(669, 1333, 1, '58000.00', '2025-08-26'),
(670, 1307, 1, '34000.00', '2025-08-26'),
(671, 1298, 1, '62000.00', '2025-08-26'),
(672, 1294, 1, '40000.00', '2025-08-26'),
(673, 1429, 1, '60000.00', '2025-08-26'),
(674, 1438, 1, '33000.00', '2025-08-26'),
(675, 1529, 1, '36500.00', '2025-08-26'),
(676, 1478, 1, '35000.00', '2025-08-26'),
(677, 1480, 1, '30000.00', '2025-08-26'),
(678, 1537, 1, '65000.00', '2025-08-26'),
(679, 1495, 1, '33000.00', '2025-08-26'),
(680, 1448, 1, '10000.00', '2025-08-26'),
(681, 1542, 1, '75000.00', '2025-08-26'),
(682, 1174, 1, '32500.00', '2025-08-26'),
(683, 1220, 1, '33000.00', '2025-08-26'),
(684, 1540, 1, '34000.00', '2025-08-26'),
(685, 1257, 1, '31000.00', '2025-08-26'),
(687, 1233, 1, '40000.00', '2025-08-26'),
(688, 1232, 1, '30000.00', '2025-08-26'),
(689, 1162, 1, '28000.00', '2025-08-26'),
(690, 1372, 1, '37000.00', '2025-08-27'),
(691, 1334, 1, '40000.00', '2025-08-27'),
(692, 1353, 1, '44000.00', '2025-08-27'),
(693, 1565, 1, '92000.00', '2025-08-27'),
(694, 1564, 1, '30000.00', '2025-08-27'),
(696, 1414, 1, '38000.00', '2025-08-27'),
(697, 1433, 1, '32000.00', '2025-08-27'),
(698, 1397, 1, '33000.00', '2025-08-27'),
(699, 1421, 1, '33000.00', '2025-08-27'),
(700, 1396, 1, '30000.00', '2025-08-27'),
(701, 1193, 1, '50000.00', '2025-08-27'),
(702, 1202, 1, '40000.00', '2025-08-27'),
(704, 1154, 1, '30000.00', '2025-08-27'),
(705, 1185, 1, '30000.00', '2025-08-27'),
(707, 1585, 2, '30000.00', '2025-08-27'),
(708, 1584, 2, '45000.00', '2025-08-27'),
(709, 1588, 2, '40000.00', '2025-08-28'),
(710, 1587, 2, '36500.00', '2025-08-28'),
(711, 1590, 2, '64000.00', '2025-08-27'),
(712, 1589, 2, '38000.00', '2025-08-27'),
(713, 1591, 2, '35000.00', '2025-08-25'),
(714, 1407, 1, '62000.00', '2025-08-29'),
(715, 1411, 1, '40700.00', '2025-08-29'),
(716, 1416, 1, '40000.00', '2025-08-29'),
(717, 1548, 1, '27000.00', '2025-08-29'),
(718, 1441, 1, '37500.00', '2025-08-29'),
(719, 1450, 1, '33000.00', '2025-08-29'),
(720, 1472, 1, '36000.00', '2025-08-29'),
(721, 1503, 1, '30000.00', '2025-08-29'),
(722, 1515, 1, '39000.00', '2025-08-29'),
(723, 1517, 1, '50000.00', '2025-08-29'),
(724, 1534, 1, '32000.00', '2025-08-29'),
(725, 1518, 1, '45000.00', '2025-08-29'),
(726, 1296, 1, '40000.00', '2025-08-29'),
(727, 1297, 1, '30000.00', '2025-08-29'),
(728, 1302, 1, '40000.00', '2025-08-29'),
(729, 1308, 1, '36000.00', '2025-08-29'),
(730, 1314, 1, '33000.00', '2025-08-29'),
(731, 1323, 1, '42000.00', '2025-08-29'),
(732, 1327, 1, '35000.00', '2025-08-29'),
(733, 1332, 1, '30000.00', '2025-08-29'),
(734, 1347, 1, '33500.00', '2025-08-29'),
(735, 1315, 1, '44000.00', '2025-08-29'),
(736, 1339, 1, '55000.00', '2025-08-29'),
(737, 1349, 1, '37000.00', '2025-08-29'),
(738, 1354, 1, '32500.00', '2025-08-29'),
(739, 1376, 1, '27000.00', '2025-08-29'),
(740, 1382, 1, '50000.00', '2025-08-30'),
(741, 1384, 1, '34000.00', '2025-08-29'),
(742, 1507, 1, '110000.00', '2025-08-29'),
(743, 1592, 2, '38500.00', '2025-08-29'),
(744, 1593, 2, '35000.00', '2025-08-29'),
(745, 1594, 2, '33000.00', '2025-08-29'),
(746, 1597, 2, '55000.00', '2025-08-29'),
(747, 1500, 1, '32000.00', '2025-09-01'),
(748, 1468, 1, '40000.00', '2025-08-30'),
(749, 1462, 1, '36000.00', '2025-08-30'),
(750, 1506, 1, '32000.00', '2025-08-30'),
(751, 1551, 1, '40000.00', '2025-08-30'),
(752, 1445, 1, '38000.00', '2025-08-30'),
(753, 1501, 1, '34000.00', '2025-08-30'),
(755, 1155, 1, '34000.00', '2025-08-30'),
(756, 1228, 1, '40000.00', '2025-08-30'),
(757, 1241, 1, '52000.00', '2025-08-30'),
(758, 1208, 1, '25500.00', '2025-08-30'),
(759, 1217, 1, '34000.00', '2025-08-30'),
(760, 1249, 1, '40000.00', '2025-08-30'),
(761, 1263, 1, '32500.00', '2025-08-30'),
(762, 1204, 1, '40000.00', '2025-08-30'),
(763, 1600, 1, '27000.00', '2025-08-30'),
(764, 1589, 1, '76000.00', '2025-08-30'),
(765, 1164, 1, '48000.00', '2025-08-30'),
(766, 1163, 1, '76000.00', '2025-08-30'),
(767, 1569, 1, '38000.00', '2025-08-30'),
(768, 1170, 1, '30000.00', '2025-08-30'),
(769, 1179, 1, '31000.00', '2025-08-30'),
(770, 1180, 1, '38500.00', '2025-08-30'),
(771, 1181, 1, '57000.00', '2025-08-30'),
(772, 1187, 1, '40000.00', '2025-08-30'),
(773, 1194, 1, '40000.00', '2025-08-30'),
(774, 1197, 1, '38000.00', '2025-08-30'),
(775, 1206, 1, '34000.00', '2025-08-30'),
(776, 1207, 1, '34000.00', '2025-08-30'),
(777, 1215, 1, '30000.00', '2025-08-30'),
(778, 1563, 1, '38500.00', '2025-08-30'),
(779, 1570, 1, '36000.00', '2025-08-30'),
(780, 1527, 1, '30000.00', '2025-08-30'),
(781, 1223, 1, '30000.00', '2025-08-30'),
(784, 1240, 1, '30000.00', '2025-08-30'),
(785, 1543, 1, '36500.00', '2025-08-30'),
(786, 1245, 1, '26500.00', '2025-08-30'),
(787, 1247, 1, '34000.00', '2025-08-30'),
(788, 1256, 1, '36000.00', '2025-08-30'),
(789, 1262, 1, '78000.00', '2025-08-30'),
(790, 1263, 1, '32500.00', '2025-08-30'),
(791, 1265, 1, '44000.00', '2025-08-30'),
(792, 1497, 1, '44000.00', '2025-08-30'),
(793, 1259, 1, '30000.00', '2025-08-30'),
(794, 1260, 1, '49000.00', '2025-08-30'),
(795, 1516, 1, '35000.00', '2025-08-30'),
(796, 1520, 1, '37000.00', '2025-08-30'),
(797, 1483, 2, '40000.00', '2025-08-26'),
(799, 1511, 2, '34500.00', '2025-08-25'),
(800, 1513, 2, '35000.00', '2025-08-26'),
(801, 1513, 2, '35000.00', '2025-08-26'),
(802, 1176, 2, '70.00', '2025-08-29'),
(804, 1231, 2, '40000.00', '2025-08-28'),
(805, 1235, 2, '34000.00', '2025-08-26'),
(806, 1540, 2, '34000.00', '2025-08-26'),
(807, 1540, 2, '34000.00', '2025-08-26'),
(808, 1221, 2, '60000.00', '2025-08-20'),
(809, 1159, 2, '56000.00', '2025-08-21'),
(810, 1159, 2, '56000.00', '2025-08-28'),
(811, 1188, 2, '1000.00', '2025-08-29'),
(812, 1198, 2, '64000.00', '2025-08-29'),
(813, 1497, 2, '1000.00', '2025-09-02'),
(814, 1208, 2, '200.00', '2025-09-02'),
(815, 1219, 2, '40000.00', '2025-08-29'),
(816, 1236, 2, '32000.00', '2025-08-29'),
(818, 1258, 2, '40000.00', '2025-08-29'),
(819, 1239, 2, '10000.00', '2025-08-22'),
(820, 1239, 2, '40000.00', '2025-08-29'),
(821, 1155, 2, '34000.00', '2025-08-30'),
(822, 1600, 2, '24000.00', '2025-09-02'),
(823, 1160, 2, '30000.00', '2025-08-30'),
(824, 1164, 2, '1200.00', '2025-09-02'),
(825, 1165, 2, '100000.00', '2025-09-01'),
(826, 1589, 2, '38000.00', '2025-08-27'),
(827, 1520, 2, '3000.00', '2025-09-02'),
(828, 1523, 2, '34000.00', '2025-08-28'),
(829, 1523, 2, '34000.00', '2025-08-28'),
(830, 1216, 2, '10000.00', '2025-09-02'),
(831, 1570, 2, '500.00', '2025-09-02'),
(832, 1223, 2, '30000.00', '2025-08-30'),
(833, 1240, 2, '30000.00', '2025-08-30'),
(834, 1245, 2, '26500.00', '2025-08-30'),
(835, 1254, 2, '22500.00', '2025-08-26'),
(837, 1490, 2, '70000.00', '2025-09-02'),
(838, 1484, 2, '38000.00', '2025-08-26'),
(839, 1168, 2, '36000.00', '2025-08-08'),
(840, 1168, 2, '36000.00', '2025-08-28'),
(841, 1564, 2, '30000.00', '2025-08-27'),
(842, 1494, 2, '34000.00', '2025-08-25'),
(843, 1558, 2, '45000.00', '2025-08-18'),
(844, 1498, 2, '49999.00', '2025-08-25'),
(845, 1498, 2, '1.00', '2025-09-02'),
(846, 1552, 2, '32000.00', '2025-08-22'),
(847, 1455, 2, '40000.00', '2025-08-28'),
(848, 1546, 2, '45000.00', '2025-08-30'),
(849, 1415, 2, '34500.00', '2025-08-30'),
(850, 1416, 2, '40000.00', '2025-08-29'),
(851, 1515, 2, '39000.00', '2025-08-29'),
(852, 1517, 2, '50000.00', '2025-08-29'),
(853, 1420, 2, '30000.00', '2025-08-30'),
(854, 1522, 2, '38500.00', '2025-08-30'),
(855, 1324, 2, '31000.00', '2025-08-23'),
(856, 1324, 2, '31000.00', '2025-08-30'),
(857, 1567, 2, '40000.00', '2025-08-30'),
(858, 1446, 2, '34000.00', '2025-08-30'),
(859, 1463, 2, '34000.00', '2025-08-30'),
(860, 1465, 2, '10000.00', '2025-09-02'),
(861, 1465, 2, '68000.00', '2025-08-30'),
(862, 1467, 2, '34000.00', '2025-08-30'),
(863, 1530, 2, '30000.00', '2025-08-30'),
(864, 1474, 2, '45000.00', '2025-08-30'),
(865, 1473, 2, '52000.00', '2025-08-30'),
(866, 1475, 2, '33500.00', '2025-08-30'),
(867, 1550, 2, '32000.00', '2025-08-30'),
(868, 1571, 2, '36500.00', '2025-08-30'),
(869, 1299, 2, '70000.00', '2025-08-25'),
(870, 1319, 2, '34000.00', '2025-08-16'),
(871, 1355, 2, '50.00', '2025-09-02'),
(872, 1528, 2, '33500.00', '2025-08-25'),
(873, 1298, 2, '500.00', '2025-09-02'),
(874, 1337, 2, '34000.00', '2025-08-28'),
(875, 1339, 2, '12000.00', '2025-09-02'),
(876, 1367, 2, '2500.00', '2025-09-02'),
(877, 1276, 2, '32500.00', '2025-08-28'),
(878, 1496, 2, '37000.00', '2025-08-28'),
(879, 1306, 2, '50000.00', '2025-08-28'),
(880, 1384, 2, '34000.00', '2025-08-29'),
(881, 1274, 2, '61000.00', '2025-08-30'),
(882, 1278, 2, '35000.00', '2025-08-30'),
(884, 1296, 2, '40000.00', '2025-08-29'),
(885, 1303, 2, '52500.00', '2025-08-30'),
(886, 1303, 2, '52500.00', '2025-08-30'),
(887, 1303, 2, '52500.00', '2025-08-30'),
(888, 1315, 2, '44000.00', '2025-08-29'),
(889, 1330, 2, '66000.00', '2025-08-30'),
(890, 1330, 2, '1000.00', '2025-09-02'),
(892, 1504, 2, '34000.00', '2025-08-25'),
(893, 1360, 2, '75000.00', '2025-08-30'),
(894, 1378, 2, '36000.00', '2025-08-30'),
(895, 1269, 2, '140000.00', '2025-08-30'),
(896, 1272, 2, '30000.00', '2025-08-30'),
(897, 1277, 2, '35000.00', '2025-08-23'),
(898, 1281, 2, '34000.00', '2025-08-23'),
(899, 1282, 2, '62000.00', '2025-08-23'),
(900, 1287, 2, '68000.00', '2025-08-30'),
(901, 1288, 2, '120000.00', '2025-08-30'),
(902, 1289, 2, '68000.00', '2025-08-30'),
(903, 1290, 2, '70000.00', '2025-08-30'),
(904, 1291, 2, '34000.00', '2025-08-23'),
(905, 1292, 2, '100000.00', '2025-08-30'),
(906, 1300, 2, '80000.00', '2025-08-30'),
(907, 1301, 2, '80000.00', '2025-08-30'),
(908, 1302, 2, '40000.00', '2025-08-30'),
(909, 1304, 2, '32300.00', '2025-08-23'),
(910, 1305, 2, '34000.00', '2025-08-30'),
(911, 1554, 2, '35000.00', '2025-08-30'),
(912, 1309, 2, '120000.00', '2025-08-30'),
(913, 1311, 2, '50700.00', '2025-08-30'),
(914, 1196, 2, '28000.00', '2025-08-30'),
(915, 1316, 2, '40000.00', '2025-08-30'),
(916, 1317, 2, '70000.00', '2025-08-30'),
(917, 1318, 2, '44000.00', '2025-08-23'),
(918, 1591, 2, '35000.00', '2025-08-30'),
(919, 1320, 2, '70000.00', '2025-08-30'),
(920, 1322, 2, '84000.00', '2025-08-30'),
(921, 1326, 2, '37500.00', '2025-08-23'),
(922, 1329, 2, '70000.00', '2025-08-30'),
(923, 1545, 2, '40000.00', '2025-08-30'),
(924, 1331, 2, '68000.00', '2025-08-30'),
(925, 1334, 2, '20000.00', '2025-09-02'),
(926, 1350, 2, '30000.00', '2025-09-02'),
(927, 1351, 2, '68000.00', '2025-08-30'),
(928, 1362, 2, '26500.00', '2025-08-30'),
(929, 1364, 2, '35000.00', '2025-08-23'),
(930, 1365, 2, '58000.00', '2025-08-30'),
(931, 1560, 2, '45000.00', '2025-08-30'),
(932, 1370, 2, '34000.00', '2025-08-30'),
(933, 1553, 2, '36500.00', '2025-08-30'),
(934, 1372, 2, '1500.00', '2025-09-02'),
(935, 1377, 2, '25000.00', '2025-09-02'),
(936, 1248, 2, '63000.00', '2025-08-30'),
(937, 1380, 2, '31000.00', '2025-08-30'),
(938, 1386, 2, '34000.00', '2025-08-30'),
(939, 1387, 2, '66000.00', '2025-08-30'),
(940, 1389, 2, '70000.00', '2025-08-30'),
(941, 1391, 2, '120000.00', '2025-08-30'),
(942, 1392, 2, '88000.00', '2025-08-30'),
(943, 1336, 2, '52000.00', '2025-08-30'),
(944, 1361, 2, '34000.00', '2025-09-01'),
(945, 1364, 2, '35000.00', '2025-09-01'),
(946, 1505, 2, '32500.00', '2025-09-01'),
(947, 1368, 2, '40000.00', '2025-09-01'),
(948, 1369, 2, '30000.00', '2025-09-01'),
(949, 1386, 2, '34000.00', '2025-09-01'),
(950, 1283, 2, '30000.00', '2025-09-01'),
(951, 1304, 2, '32300.00', '2025-09-01'),
(952, 1277, 2, '35000.00', '2025-09-01'),
(953, 1280, 2, '54000.00', '2025-09-01'),
(954, 1299, 2, '70000.00', '2025-09-01'),
(955, 1312, 2, '28000.00', '2025-09-01'),
(956, 1319, 2, '34000.00', '2025-09-01'),
(957, 1582, 2, '29000.00', '2025-09-01'),
(958, 1332, 2, '30000.00', '2025-09-01'),
(959, 1332, 2, '30000.00', '2025-09-01'),
(960, 1345, 2, '40000.00', '2025-09-01'),
(961, 1355, 2, '31250.00', '2025-09-01'),
(962, 1487, 2, '80000.00', '2025-09-01'),
(963, 1350, 2, '30000.00', '2025-09-01'),
(964, 1487, 2, '40000.00', '2025-09-01'),
(965, 1158, 2, '35000.00', '2025-09-01'),
(966, 1192, 2, '70000.00', '2025-09-01'),
(967, 1195, 2, '32000.00', '2025-09-01'),
(968, 1199, 2, '50000.00', '2025-09-01'),
(969, 1201, 2, '25500.00', '2025-09-01'),
(971, 1203, 2, '40000.00', '2025-09-01'),
(972, 1555, 2, '44000.00', '2025-09-01'),
(973, 1221, 2, '60000.00', '2025-09-01'),
(974, 1226, 2, '33500.00', '2025-09-01'),
(975, 1243, 2, '32000.00', '2025-09-01'),
(976, 1252, 2, '50000.00', '2025-09-01'),
(977, 1253, 2, '34000.00', '2025-09-01'),
(978, 1557, 2, '30000.00', '2025-09-01'),
(979, 1511, 2, '34500.00', '2025-09-01'),
(980, 1399, 2, '35000.00', '2025-09-01'),
(981, 1401, 2, '46000.00', '2025-09-01'),
(982, 1408, 2, '87500.00', '2025-09-01'),
(983, 1429, 2, '60000.00', '2025-09-01'),
(984, 1437, 2, '31000.00', '2025-09-01'),
(985, 1451, 2, '36000.00', '2025-09-01'),
(986, 1452, 2, '80000.00', '2025-09-01'),
(987, 1460, 2, '30000.00', '2025-09-01'),
(988, 1477, 2, '20000.00', '2025-09-01'),
(989, 1494, 2, '34000.00', '2025-09-01'),
(990, 1532, 2, '33500.00', '2025-09-01'),
(991, 1558, 2, '45000.00', '2025-09-01'),
(992, 1498, 2, '50000.00', '2025-09-01'),
(993, 1443, 2, '34000.00', '2025-09-01'),
(994, 1514, 2, '32500.00', '2025-09-01'),
(995, 1612, 2, '40000.00', '2025-09-02'),
(996, 1613, 2, '34000.00', '2025-09-02'),
(997, 1424, 2, '32500.00', '2025-09-02'),
(998, 1431, 2, '30000.00', '2025-09-02'),
(999, 1490, 2, '70000.00', '2025-09-02'),
(1000, 1529, 2, '36500.00', '2025-09-02'),
(1001, 1484, 2, '38000.00', '2025-09-02'),
(1002, 1564, 2, '30000.00', '2025-09-02'),
(1003, 1565, 2, '92000.00', '2025-09-02'),
(1004, 1495, 2, '33000.00', '2025-09-02'),
(1005, 1606, 2, '20000.00', '2025-09-02'),
(1006, 1482, 2, '40000.00', '2025-09-02'),
(1007, 1162, 2, '28000.00', '2025-09-02'),
(1008, 1174, 2, '32500.00', '2025-09-02'),
(1009, 1182, 2, '33000.00', '2025-09-02'),
(1010, 1604, 2, '30000.00', '2025-09-02'),
(1011, 1202, 2, '40000.00', '2025-09-02'),
(1012, 1206, 2, '34000.00', '2025-09-02'),
(1014, 1220, 2, '33000.00', '2025-09-02'),
(1015, 1603, 2, '170000.00', '2025-09-02'),
(1016, 1231, 2, '40000.00', '2025-09-02'),
(1017, 1235, 2, '34000.00', '2025-09-02'),
(1018, 1483, 2, '40000.00', '2025-09-02'),
(1019, 1250, 2, '36500.00', '2025-09-02'),
(1020, 1541, 2, '36500.00', '2025-09-02'),
(1021, 1540, 2, '34000.00', '2025-09-02'),
(1022, 1270, 2, '29000.00', '2025-09-02'),
(1023, 1271, 2, '40000.00', '2025-09-02'),
(1024, 1275, 2, '38000.00', '2025-09-02'),
(1025, 1294, 2, '40000.00', '2025-09-02'),
(1026, 1295, 2, '70000.00', '2025-09-02'),
(1027, 1298, 2, '62500.00', '2025-09-02'),
(1028, 1326, 2, '36500.00', '2025-09-02'),
(1029, 1348, 2, '40000.00', '2025-09-02'),
(1030, 1222, 2, '38000.00', '2025-09-02'),
(1031, 1367, 2, '37000.00', '2025-09-02'),
(1032, 1381, 2, '40000.00', '2025-09-02'),
(1033, 1367, 2, '500.00', '2025-09-03'),
(1034, 1388, 2, '28000.00', '2025-09-02'),
(1035, 1154, 2, '30000.00', '2025-09-03'),
(1036, 1161, 2, '36000.00', '2025-09-03'),
(1037, 1513, 2, '35000.00', '2025-09-03'),
(1038, 1568, 2, '36000.00', '2025-09-03'),
(1039, 1213, 2, '29000.00', '2025-09-03'),
(1040, 1597, 2, '55000.00', '2025-09-03'),
(1041, 1542, 2, '75000.00', '2025-09-03'),
(1042, 1264, 2, '450000.00', '2025-09-03'),
(1043, 1264, 2, '30000.00', '2025-09-03'),
(1044, 1496, 2, '37000.00', '2025-09-03'),
(1045, 1276, 2, '33000.00', '2025-09-03'),
(1046, 1281, 2, '34000.00', '2025-09-03'),
(1047, 1307, 2, '34000.00', '2025-09-03'),
(1048, 1334, 2, '60000.00', '2025-09-03'),
(1049, 1337, 2, '34000.00', '2025-09-03'),
(1050, 1338, 2, '38000.00', '2025-09-03'),
(1051, 1353, 2, '44000.00', '2025-09-03'),
(1052, 1553, 2, '36500.00', '2025-09-03'),
(1053, 1377, 2, '55000.00', '2025-09-03'),
(1054, 1377, 2, '55000.00', '2025-09-03'),
(1055, 1382, 2, '45000.00', '2025-09-04'),
(1056, 1397, 2, '33000.00', '2025-09-03'),
(1057, 1398, 2, '32500.00', '2025-09-03'),
(1058, 1584, 2, '45000.00', '2025-09-03'),
(1059, 1421, 2, '33000.00', '2025-09-03'),
(1060, 1503, 2, '30000.00', '2025-09-03'),
(1061, 1503, 2, '30000.00', '2025-09-03'),
(1062, 1618, 2, '33000.00', '2025-09-03'),
(1063, 1618, 2, '33000.00', '2025-09-04'),
(1064, 1617, 2, '40000.00', '2025-09-04'),
(1065, 1616, 2, '35000.00', '2025-09-04'),
(1066, 1620, 2, '36500.00', '2025-09-04'),
(1067, 1622, 2, '40000.00', '2025-09-04'),
(1068, 1621, 2, '35000.00', '2025-09-05'),
(1069, 1159, 2, '56000.00', '2025-09-04'),
(1070, 1234, 2, '34000.00', '2025-09-04'),
(1071, 1185, 2, '90000.00', '2025-09-05'),
(1072, 1185, 2, '30000.00', '2025-09-04'),
(1073, 1605, 2, '33000.00', '2025-09-04'),
(1074, 1204, 2, '35000.00', '2025-09-04'),
(1076, 1254, 2, '22500.00', '2025-09-03'),
(1077, 1214, 2, '28500.00', '2025-09-05'),
(1078, 1252, 2, '58000.00', '2025-09-04'),
(1080, 1619, 2, '40000.00', '2025-09-04'),
(1081, 1285, 2, '39000.00', '2025-09-04'),
(1082, 1587, 2, '40000.00', '2025-09-04'),
(1083, 1438, 2, '33000.00', '2025-09-04'),
(1084, 1502, 2, '45000.00', '2025-09-04'),
(1085, 1441, 2, '37500.00', '2025-09-04'),
(1086, 1455, 2, '40000.00', '2025-09-04'),
(1087, 1457, 2, '36500.00', '2025-09-04'),
(1088, 1623, 2, '36800.00', '2025-09-05'),
(1089, 1176, 2, '70.00', '2025-09-05'),
(1090, 1590, 2, '64000.00', '2025-09-05'),
(1091, 1188, 2, '37500.00', '2025-09-05'),
(1092, 1501, 2, '34000.00', '2025-09-05'),
(1093, 1198, 2, '64000.00', '2025-09-05'),
(1094, 1208, 2, '25700.00', '2025-09-05'),
(1095, 1219, 2, '40000.00', '2025-09-05'),
(1096, 1239, 2, '50000.00', '2025-09-05'),
(1097, 1411, 2, '40700.00', '2025-09-05'),
(1098, 1415, 2, '34500.00', '2025-09-05'),
(1099, 1416, 2, '40000.00', '2025-09-05'),
(1100, 1548, 2, '27000.00', '2025-09-05'),
(1101, 1417, 2, '30000.00', '2025-09-05'),
(1102, 1585, 2, '30000.00', '2025-09-05'),
(1103, 1433, 2, '32000.00', '2025-09-05'),
(1104, 1447, 2, '68000.00', '2025-09-05'),
(1105, 1449, 2, '32500.00', '2025-09-05'),
(1106, 1450, 2, '33000.00', '2025-09-05'),
(1107, 1472, 2, '36000.00', '2025-09-05'),
(1108, 1476, 2, '132000.00', '2025-09-05'),
(1109, 1480, 2, '30000.00', '2025-09-05'),
(1110, 1515, 2, '39000.00', '2025-09-05'),
(1111, 1517, 2, '50000.00', '2025-09-05'),
(1112, 1537, 2, '65000.00', '2025-09-05'),
(1113, 1492, 2, '68000.00', '2025-09-05'),
(1114, 1232, 2, '34000.00', '2025-09-05'),
(1115, 1233, 2, '30000.00', '2025-09-05'),
(1116, 1297, 2, '30000.00', '2025-09-05'),
(1117, 1308, 2, '36000.00', '2025-09-05'),
(1118, 1611, 2, '35000.00', '2025-09-05'),
(1119, 1323, 2, '42000.00', '2025-09-05'),
(1120, 1588, 2, '40000.00', '2025-09-05'),
(1121, 1327, 2, '35000.00', '2025-09-05'),
(1122, 1328, 2, '50000.00', '2025-09-05'),
(1123, 1347, 2, '33500.00', '2025-09-05'),
(1124, 1314, 2, '33000.00', '2025-09-05'),
(1125, 1349, 2, '37000.00', '2025-09-05'),
(1126, 1354, 2, '32500.00', '2025-09-05'),
(1127, 1196, 2, '28000.00', '2025-09-05'),
(1128, 1382, 2, '80000.00', '2025-09-05'),
(1129, 1384, 2, '34000.00', '2025-09-05'),
(1130, 1507, 2, '110000.00', '2025-09-05'),
(1131, 1627, 2, '42000.00', '2025-09-06'),
(1132, 1626, 2, '38000.00', '2025-09-06'),
(1133, 1624, 2, '38000.00', '2025-09-06'),
(1134, 1155, 2, '34000.00', '2025-09-06'),
(1135, 1155, 2, '34000.00', '2025-09-08'),
(1136, 1600, 2, '21000.00', '2025-09-06'),
(1137, 1160, 2, '30000.00', '2025-09-06'),
(1138, 1163, 2, '38000.00', '2025-09-06'),
(1139, 1164, 2, '24400.00', '2025-09-06'),
(1140, 1589, 2, '38000.00', '2025-09-06'),
(1141, 1569, 2, '38000.00', '2025-09-06'),
(1142, 1181, 2, '57000.00', '2025-09-06'),
(1143, 1194, 2, '40000.00', '2025-09-06'),
(1144, 1523, 2, '34000.00', '2025-09-06'),
(1145, 1207, 2, '34000.00', '2025-09-06'),
(1146, 1216, 2, '35000.00', '2025-09-06'),
(1147, 1570, 2, '36500.00', '2025-09-06'),
(1148, 1265, 2, '44000.00', '2025-09-06'),
(1149, 1187, 2, '40000.00', '2025-09-06'),
(1150, 1527, 2, '36000.00', '2025-09-06'),
(1151, 1223, 2, '30000.00', '2025-09-06'),
(1152, 1240, 2, '30000.00', '2025-09-06'),
(1153, 1543, 2, '36500.00', '2025-09-06'),
(1154, 1245, 2, '26500.00', '2025-09-06'),
(1155, 1247, 2, '34000.00', '2025-09-08'),
(1156, 1516, 2, '35000.00', '2025-09-06'),
(1157, 1256, 2, '36000.00', '2025-09-06'),
(1158, 1258, 2, '40000.00', '2025-09-06'),
(1159, 1262, 2, '38000.00', '2025-09-06'),
(1160, 1260, 2, '49000.00', '2025-09-06'),
(1161, 1259, 2, '30000.00', '2025-09-06'),
(1162, 1263, 2, '32500.00', '2025-09-06'),
(1163, 1191, 2, '28000.00', '2025-09-06'),
(1164, 1168, 2, '36000.00', '2025-09-06'),
(1165, 1250, 2, '34000.00', '2025-09-06'),
(1166, 1250, 2, '2500.00', '2025-09-08'),
(1167, 1250, 2, '36500.00', '2025-09-06'),
(1168, 1610, 2, '70000.00', '2025-09-06'),
(1169, 1221, 2, '60000.00', '2025-09-06'),
(1170, 1249, 2, '40000.00', '2025-09-06'),
(1171, 1243, 2, '32000.00', '2025-09-06'),
(1172, 1215, 2, '30000.00', '2025-09-06'),
(1173, 1217, 2, '34000.00', '2025-09-06'),
(1174, 1203, 2, '40000.00', '2025-09-06'),
(1175, 1512, 2, '50000.00', '2025-09-06'),
(1176, 1320, 2, '35000.00', '2025-09-06'),
(1177, 1274, 2, '61000.00', '2025-09-06'),
(1178, 1351, 2, '34000.00', '2025-09-06'),
(1179, 1391, 2, '60000.00', '2025-09-06'),
(1180, 1322, 2, '42000.00', '2025-09-06'),
(1181, 1372, 2, '37500.00', '2025-09-06'),
(1182, 1291, 2, '34000.00', '2025-09-06'),
(1183, 1387, 2, '33000.00', '2025-09-06'),
(1184, 1282, 2, '31000.00', '2025-09-06'),
(1185, 1389, 2, '35000.00', '2025-09-06'),
(1186, 1350, 2, '30000.00', '2025-09-06'),
(1187, 1392, 2, '44000.00', '2025-09-06'),
(1188, 1364, 2, '35000.00', '2025-09-06'),
(1189, 1287, 2, '34000.00', '2025-09-06'),
(1190, 1330, 2, '33500.00', '2025-09-06'),
(1191, 1311, 2, '50700.00', '2025-09-06'),
(1192, 1269, 2, '70000.00', '2025-09-06'),
(1193, 1362, 2, '26500.00', '2025-09-06'),
(1194, 1290, 2, '35000.00', '2025-09-06'),
(1195, 1302, 2, '40000.00', '2025-09-06'),
(1196, 1304, 2, '32300.00', '2025-09-06'),
(1199, 1332, 2, '30000.00', '2025-09-06'),
(1200, 1331, 2, '34000.00', '2025-09-06'),
(1201, 1326, 2, '34000.00', '2025-09-08'),
(1202, 1309, 2, '60000.00', '2025-09-06'),
(1203, 1318, 2, '44000.00', '2025-09-06'),
(1204, 1376, 2, '27000.00', '2025-09-06'),
(1205, 1305, 2, '34000.00', '2025-09-06'),
(1206, 1554, 2, '35000.00', '2025-09-06'),
(1207, 1316, 2, '40000.00', '2025-09-06'),
(1208, 1301, 2, '40000.00', '2025-09-06'),
(1209, 1288, 2, '60000.00', '2025-09-06'),
(1210, 1289, 2, '34000.00', '2025-09-06'),
(1211, 1380, 2, '31000.00', '2025-09-06'),
(1212, 1315, 2, '44000.00', '2025-09-06'),
(1213, 1318, 2, '44000.00', '2025-09-06'),
(1215, 1594, 2, '33000.00', '2025-09-06'),
(1216, 1607, 2, '55000.00', '2025-09-06'),
(1217, 1398, 2, '32500.00', '2025-09-06'),
(1218, 1592, 2, '38500.00', '2025-09-06'),
(1219, 1561, 2, '34000.00', '2025-09-06'),
(1220, 1561, 2, '34000.00', '2025-09-06'),
(1221, 1593, 2, '35000.00', '2025-09-06'),
(1222, 1586, 2, '38000.00', '2025-09-06'),
(1223, 1431, 2, '30000.00', '2025-09-06'),
(1224, 1434, 2, '28000.00', '2025-09-06'),
(1225, 1437, 2, '31000.00', '2025-09-06'),
(1226, 1529, 2, '36500.00', '2025-09-06'),
(1227, 1464, 2, '28000.00', '2025-09-06'),
(1228, 1465, 2, '34000.00', '2025-09-06'),
(1229, 1466, 2, '44000.00', '2025-09-06'),
(1230, 1474, 2, '45000.00', '2025-09-06'),
(1231, 1473, 2, '52000.00', '2025-09-06'),
(1232, 1475, 2, '33500.00', '2025-09-06'),
(1233, 1478, 2, '35000.00', '2025-09-06'),
(1234, 1558, 2, '19000.00', '2025-09-06'),
(1235, 1463, 2, '34000.00', '2025-09-06'),
(1236, 1571, 2, '36500.00', '2025-09-06'),
(1237, 1407, 2, '62000.00', '2025-09-06'),
(1238, 1550, 2, '32000.00', '2025-09-06'),
(1239, 1532, 2, '67500.00', '2025-09-06'),
(1240, 1494, 2, '34000.00', '2025-09-06'),
(1241, 1562, 2, '25000.00', '2025-09-06'),
(1242, 1419, 2, '55000.00', '2025-09-06'),
(1244, 1628, 1, '56000.00', '2025-08-11'),
(1245, 1628, 1, '56000.00', '2025-08-23'),
(1246, 1628, 1, '56000.00', '2025-08-30'),
(1247, 1628, 1, '56000.00', '2025-09-06'),
(1248, 1401, 2, '46000.00', '2025-09-06'),
(1249, 1522, 2, '30000.00', '2025-09-06'),
(1250, 1502, 2, '43000.00', '2025-09-06'),
(1251, 1420, 2, '30000.00', '2025-09-06'),
(1252, 1615, 2, '112000.00', '2025-09-06'),
(1253, 1451, 2, '36000.00', '2025-09-06'),
(1254, 1606, 2, '20000.00', '2025-09-06'),
(1255, 1551, 2, '40000.00', '2025-09-06'),
(1256, 1629, 1, '61000.00', '2025-08-08'),
(1257, 1629, 1, '61000.00', '2025-08-08'),
(1258, 1629, 1, '61000.00', '2025-08-14'),
(1259, 1629, 1, '40000.00', '2025-08-22'),
(1260, 1629, 1, '21000.00', '2025-08-23'),
(1261, 1630, 1, '32000.00', '2025-07-25'),
(1262, 1630, 1, '32000.00', '2025-08-06'),
(1263, 1630, 1, '32000.00', '2025-08-12'),
(1264, 1630, 1, '30000.00', '2025-08-18'),
(1265, 1630, 1, '32000.00', '2025-08-26'),
(1266, 1600, 2, '30000.00', '2025-09-08'),
(1267, 1568, 2, '36000.00', '2025-09-08'),
(1268, 1182, 2, '32000.00', '2025-09-08'),
(1269, 1555, 2, '44000.00', '2025-09-08'),
(1270, 1192, 2, '70000.00', '2025-09-08'),
(1271, 1557, 2, '30000.00', '2025-09-08'),
(1272, 1165, 2, '35000.00', '2025-09-08'),
(1273, 1195, 2, '32000.00', '2025-09-08'),
(1274, 1511, 2, '34500.00', '2025-09-08'),
(1275, 1158, 2, '35000.00', '2025-09-08'),
(1276, 1180, 2, '38500.00', '2025-09-08'),
(1277, 1201, 2, '25500.00', '2025-09-08'),
(1278, 1201, 2, '25500.00', '2025-09-08'),
(1279, 1199, 2, '50000.00', '2025-09-08'),
(1280, 1253, 2, '34000.00', '2025-09-08'),
(1281, 1161, 2, '36000.00', '2025-09-08'),
(1282, 1170, 2, '30000.00', '2025-09-08'),
(1283, 1634, 2, '38000.00', '2025-09-08'),
(1284, 1633, 2, '37000.00', '2025-09-08'),
(1285, 1448, 2, '20000.00', '2025-09-08'),
(1286, 1506, 2, '32000.00', '2025-09-08'),
(1287, 1399, 2, '35000.00', '2025-09-08'),
(1288, 1535, 2, '84000.00', '2025-09-08'),
(1289, 1280, 2, '72500.00', '2025-09-08'),
(1290, 1369, 2, '30000.00', '2025-09-08'),
(1291, 1368, 2, '40000.00', '2025-09-08'),
(1292, 1355, 2, '31200.00', '2025-09-08'),
(1293, 1336, 2, '52000.00', '2025-09-08'),
(1294, 1270, 2, '29000.00', '2025-09-08'),
(1295, 1300, 2, '40000.00', '2025-09-08'),
(1296, 1283, 2, '30000.00', '2025-09-08'),
(1297, 1544, 2, '34000.00', '2025-09-08'),
(1298, 1378, 2, '36000.00', '2025-09-08'),
(1299, 1281, 2, '34000.00', '2025-09-08'),
(1300, 1487, 2, '40000.00', '2025-09-08'),
(1301, 1386, 2, '34000.00', '2025-09-08'),
(1302, 1277, 2, '35000.00', '2025-09-08'),
(1303, 1312, 2, '28000.00', '2025-09-08'),
(1304, 1299, 2, '70000.00', '2025-09-08'),
(1305, 1345, 2, '40000.00', '2025-09-08'),
(1306, 1329, 2, '35000.00', '2025-09-08'),
(1307, 1291, 2, '34000.00', '2025-09-08'),
(1308, 1348, 2, '40000.00', '2025-09-08'),
(1309, 1636, 2, '30000.00', '2025-09-09'),
(1310, 1635, 2, '46000.00', '2025-09-09'),
(1311, 1462, 2, '36000.00', '2025-09-09'),
(1312, 1490, 2, '70000.00', '2025-09-09'),
(1313, 1567, 2, '40000.00', '2025-09-09'),
(1314, 1414, 2, '38000.00', '2025-09-09'),
(1315, 1564, 2, '30000.00', '2025-09-09'),
(1316, 1565, 2, '92000.00', '2025-09-09'),
(1317, 1232, 2, '34000.00', '2025-09-09'),
(1318, 1233, 2, '50000.00', '2025-09-09'),
(1319, 1447, 2, '34000.00', '2025-09-09'),
(1320, 1484, 2, '38000.00', '2025-09-09'),
(1321, 1424, 2, '32500.00', '2025-09-09'),
(1322, 1547, 2, '40000.00', '2025-09-09'),
(1323, 1460, 2, '30000.00', '2025-09-09'),
(1324, 1530, 2, '30000.00', '2025-09-09'),
(1325, 1467, 2, '34000.00', '2025-09-09'),
(1326, 1619, 2, '40000.00', '2025-09-09'),
(1327, 1381, 2, '40000.00', '2025-09-09'),
(1328, 1294, 2, '40000.00', '2025-09-09'),
(1329, 1553, 2, '36500.00', '2025-09-09'),
(1330, 1343, 2, '33500.00', '2025-09-10'),
(1331, 1342, 2, '34000.00', '2025-09-10'),
(1332, 1344, 2, '33000.00', '2025-09-10'),
(1333, 1298, 2, '62500.00', '2025-09-09'),
(1334, 1388, 2, '28000.00', '2025-09-10'),
(1335, 1318, 2, '88000.00', '2025-09-09'),
(1336, 1307, 2, '34000.00', '2025-09-10'),
(1337, 1222, 2, '37000.00', '2025-09-10'),
(1338, 1483, 2, '40000.00', '2025-09-09'),
(1339, 1231, 2, '40000.00', '2025-09-09'),
(1340, 1614, 2, '60000.00', '2025-09-10'),
(1341, 1604, 2, '30000.00', '2025-09-09'),
(1342, 1497, 2, '45000.00', '2025-09-09'),
(1343, 1185, 2, '30000.00', '2025-09-10'),
(1344, 1174, 2, '32500.00', '2025-09-09'),
(1345, 1631, 2, '113150.00', '2025-09-10'),
(1346, 1162, 2, '28000.00', '2025-09-09'),
(1347, 1220, 2, '33000.00', '2025-09-09'),
(1348, 1206, 2, '34000.00', '2025-09-09'),
(1349, 1540, 2, '34000.00', '2025-09-09'),
(1350, 1541, 2, '36500.00', '2025-09-09'),
(1351, 1191, 2, '28000.00', '2025-09-09'),
(1352, 1257, 2, '62000.00', '2025-09-09'),
(1353, 1202, 2, '40000.00', '2025-09-09'),
(1354, 1306, 2, '50000.00', '2025-09-04'),
(1355, 1638, 2, '33000.00', '2025-09-11'),
(1356, 1482, 2, '40000.00', '2025-09-10'),
(1357, 1213, 2, '35000.00', '2025-09-10'),
(1358, 1236, 2, '32000.00', '2025-09-10'),
(1359, 1154, 2, '30000.00', '2025-09-10'),
(1360, 1597, 2, '55000.00', '2025-09-10'),
(1361, 1193, 2, '80000.00', '2025-09-10'),
(1362, 1630, 2, '30000.00', '2025-09-10'),
(1363, 1397, 2, '33000.00', '2025-09-10'),
(1364, 1421, 2, '33000.00', '2025-09-10'),
(1365, 1533, 2, '66000.00', '2025-09-10'),
(1366, 1443, 2, '34000.00', '2025-09-10'),
(1368, 1584, 2, '45000.00', '2025-09-10');
INSERT INTO `pagos` (`id`, `credito_id`, `usuario_id`, `monto_pagado`, `fecha_pago`) VALUES
(1369, 1545, 2, '44500.00', '2025-09-10'),
(1370, 1337, 2, '34000.00', '2025-09-10'),
(1371, 1338, 2, '38000.00', '2025-09-10'),
(1372, 1560, 2, '45000.00', '2025-09-10'),
(1373, 1371, 2, '30000.00', '2025-09-10'),
(1374, 1367, 2, '37500.00', '2025-09-10'),
(1375, 1367, 2, '37500.00', '2025-09-10'),
(1376, 1319, 2, '50000.00', '2025-09-10'),
(1377, 1352, 2, '90000.00', '2025-09-10'),
(1378, 1642, 2, '68000.00', '2025-09-11'),
(1379, 1503, 2, '30000.00', '2025-09-11'),
(1380, 1612, 2, '40000.00', '2025-09-11'),
(1381, 1445, 2, '38000.00', '2025-09-11'),
(1382, 1434, 2, '30000.00', '2025-09-11'),
(1383, 1480, 2, '30000.00', '2025-09-11'),
(1384, 1495, 2, '33000.00', '2025-09-11'),
(1385, 1285, 2, '39000.00', '2025-09-11'),
(1386, 1496, 2, '37000.00', '2025-09-11'),
(1387, 1276, 2, '32000.00', '2025-09-11'),
(1388, 1384, 2, '34000.00', '2025-09-11'),
(1389, 1353, 2, '88000.00', '2025-09-11'),
(1390, 1275, 2, '37000.00', '2025-09-11'),
(1391, 1306, 2, '50000.00', '2025-09-11'),
(1392, 1334, 2, '60000.00', '2025-09-11'),
(1393, 1204, 2, '70000.00', '2025-09-11'),
(1395, 1228, 2, '40000.00', '2025-09-11'),
(1396, 1234, 2, '34000.00', '2025-09-11'),
(1397, 1235, 2, '34000.00', '2025-09-11'),
(1398, 1226, 2, '3.00', '2025-09-09'),
(1399, 1226, 2, '33497.00', '2025-09-12'),
(1400, 1256, 2, '36000.00', '2025-09-11'),
(1401, 1513, 2, '35000.00', '2025-09-12'),
(1402, 1176, 2, '70.00', '2025-09-12'),
(1403, 1178, 2, '68000.00', '2025-09-12'),
(1404, 1590, 2, '64000.00', '2025-09-12'),
(1405, 1188, 2, '37500.00', '2025-09-12'),
(1406, 1193, 2, '50000.00', '2025-09-12'),
(1407, 1501, 2, '34000.00', '2025-09-12'),
(1408, 1198, 2, '64000.00', '2025-09-12'),
(1409, 1497, 2, '45000.00', '2025-09-12'),
(1410, 1208, 2, '25700.00', '2025-09-12'),
(1411, 1219, 2, '40000.00', '2025-09-12'),
(1412, 1236, 2, '32000.00', '2025-09-12'),
(1413, 1239, 2, '25000.00', '2025-09-12'),
(1414, 1542, 2, '70000.00', '2025-09-12'),
(1415, 1613, 2, '37500.00', '2025-09-12'),
(1416, 1274, 2, '61000.00', '2025-09-12'),
(1417, 1295, 2, '65000.00', '2025-09-12'),
(1418, 1296, 2, '80000.00', '2025-09-12'),
(1419, 1297, 2, '30000.00', '2025-09-12'),
(1420, 1587, 2, '33000.00', '2025-09-12'),
(1421, 1308, 2, '36000.00', '2025-09-12'),
(1422, 1196, 2, '28000.00', '2025-09-12'),
(1423, 1314, 2, '33000.00', '2025-09-12'),
(1424, 1315, 2, '44000.00', '2025-09-12'),
(1425, 1611, 2, '35000.00', '2025-09-12'),
(1426, 1323, 2, '42000.00', '2025-09-12'),
(1427, 1327, 2, '35000.00', '2025-09-13'),
(1428, 1588, 2, '40000.00', '2025-09-13'),
(1429, 1347, 2, '33500.00', '2025-09-12'),
(1430, 1354, 2, '32500.00', '2025-09-12'),
(1431, 1622, 2, '40000.00', '2025-09-12'),
(1432, 1382, 2, '66000.00', '2025-09-12'),
(1433, 1382, 2, '23000.00', '2025-09-13'),
(1434, 1616, 2, '35000.00', '2025-09-12'),
(1435, 1411, 2, '40700.00', '2025-09-12'),
(1436, 1585, 2, '30000.00', '2025-09-12'),
(1437, 1416, 2, '40000.00', '2025-09-12'),
(1438, 1548, 2, '27000.00', '2025-09-12'),
(1439, 1438, 2, '33000.00', '2025-09-12'),
(1440, 1450, 2, '33000.00', '2025-09-12'),
(1441, 1455, 2, '40000.00', '2025-09-12'),
(1442, 1472, 2, '36000.00', '2025-09-12'),
(1443, 1476, 2, '66000.00', '2025-09-12'),
(1444, 1441, 2, '37500.00', '2025-09-12'),
(1445, 1533, 2, '66000.00', '2025-09-12'),
(1446, 1558, 2, '26000.00', '2025-09-12'),
(1447, 1498, 2, '50000.00', '2025-09-12'),
(1448, 1515, 2, '39000.00', '2025-09-12'),
(1449, 1492, 2, '30000.00', '2025-09-12'),
(1450, 1518, 2, '90000.00', '2025-09-12'),
(1451, 1643, 2, '35500.00', '2025-09-12'),
(1452, 1645, 2, '35800.00', '2025-09-13'),
(1453, 1646, 2, '44000.00', '2025-09-13'),
(1454, 1644, 2, '38000.00', '2025-09-13'),
(1455, 1446, 2, '68000.00', '2025-09-13'),
(1456, 1324, 2, '31000.00', '2025-09-13'),
(1457, 1463, 2, '34000.00', '2025-09-13'),
(1458, 1475, 2, '33500.00', '2025-09-13'),
(1459, 1506, 2, '32000.00', '2025-09-13'),
(1460, 1437, 2, '31000.00', '2025-09-13'),
(1461, 1398, 2, '32500.00', '2025-09-13'),
(1462, 1625, 2, '34000.00', '2025-09-13'),
(1463, 1467, 2, '34000.00', '2025-09-13'),
(1464, 1465, 2, '64000.00', '2025-09-13'),
(1465, 1401, 2, '46000.00', '2025-09-13'),
(1466, 1473, 2, '52000.00', '2025-09-13'),
(1467, 1474, 2, '45000.00', '2025-09-13'),
(1468, 1586, 2, '38000.00', '2025-09-13'),
(1469, 1620, 2, '36500.00', '2025-09-13'),
(1470, 1571, 2, '36500.00', '2025-09-13'),
(1471, 1592, 2, '38500.00', '2025-09-13'),
(1472, 1608, 2, '31500.00', '2025-09-13'),
(1473, 1445, 2, '38000.00', '2025-09-13'),
(1474, 1593, 2, '35000.00', '2025-09-13'),
(1475, 1551, 2, '40000.00', '2025-09-13'),
(1476, 1466, 2, '44000.00', '2025-09-13'),
(1477, 1550, 2, '32000.00', '2025-09-13'),
(1478, 1305, 2, '34000.00', '2025-09-13'),
(1479, 1281, 2, '34000.00', '2025-09-13'),
(1480, 1349, 2, '37000.00', '2025-09-13'),
(1481, 1647, 2, '255500.00', '2025-09-13'),
(1482, 1283, 2, '30000.00', '2025-09-13'),
(1483, 1292, 2, '50000.00', '2025-09-13'),
(1484, 1632, 2, '86520.00', '2025-09-13'),
(1485, 1362, 2, '26500.00', '2025-09-13'),
(1486, 1322, 2, '42000.00', '2025-09-13'),
(1487, 1350, 2, '30000.00', '2025-09-13'),
(1488, 1392, 2, '44000.00', '2025-09-13'),
(1489, 1389, 2, '35000.00', '2025-09-13'),
(1490, 1300, 2, '40000.00', '2025-09-13'),
(1491, 1360, 2, '70000.00', '2025-09-13'),
(1492, 1287, 2, '34000.00', '2025-09-13'),
(1493, 1329, 2, '35000.00', '2025-09-13'),
(1494, 1330, 2, '39000.00', '2025-09-13'),
(1495, 1317, 2, '35000.00', '2025-09-13'),
(1496, 1351, 2, '34000.00', '2025-09-13'),
(1497, 1282, 2, '31000.00', '2025-09-13'),
(1498, 1286, 2, '34000.00', '2025-09-13'),
(1499, 1286, 2, '68000.00', '2025-09-13'),
(1500, 1328, 2, '40000.00', '2025-09-13'),
(1501, 1545, 2, '35500.00', '2025-09-13'),
(1502, 1304, 2, '32300.00', '2025-09-13'),
(1503, 1387, 2, '33000.00', '2025-09-13'),
(1504, 1302, 2, '40000.00', '2025-09-13'),
(1505, 1311, 2, '51000.00', '2025-09-13'),
(1506, 1277, 2, '35000.00', '2025-09-13'),
(1507, 1617, 2, '40000.00', '2025-09-13'),
(1508, 1288, 2, '60000.00', '2025-09-13'),
(1509, 1289, 2, '34000.00', '2025-09-13'),
(1510, 1331, 2, '34000.00', '2025-09-13'),
(1511, 1378, 2, '36000.00', '2025-09-13'),
(1512, 1544, 2, '34000.00', '2025-09-13'),
(1513, 1388, 2, '28000.00', '2025-09-13'),
(1514, 1301, 2, '40000.00', '2025-09-13'),
(1515, 1309, 2, '60000.00', '2025-09-13'),
(1516, 1364, 2, '35000.00', '2025-09-13'),
(1517, 1372, 2, '37000.00', '2025-09-13'),
(1518, 1269, 2, '70000.00', '2025-09-13'),
(1519, 1376, 2, '27000.00', '2025-09-13'),
(1520, 1164, 2, '24400.00', '2025-09-13'),
(1521, 1163, 2, '38000.00', '2025-09-13'),
(1522, 1569, 2, '38000.00', '2025-09-13'),
(1523, 1520, 2, '60000.00', '2025-09-13'),
(1524, 1180, 2, '38500.00', '2025-09-13'),
(1525, 1181, 2, '30000.00', '2025-09-13'),
(1526, 1187, 2, '40000.00', '2025-09-13'),
(1527, 1191, 2, '28000.00', '2025-09-13'),
(1528, 1197, 2, '38000.00', '2025-09-13'),
(1529, 1197, 2, '38000.00', '2025-09-13'),
(1530, 1523, 2, '34000.00', '2025-09-13'),
(1531, 1605, 2, '33000.00', '2025-09-13'),
(1532, 1207, 2, '34000.00', '2025-09-13'),
(1533, 1527, 2, '30000.00', '2025-09-13'),
(1534, 1223, 2, '30000.00', '2025-09-13'),
(1535, 1240, 2, '30000.00', '2025-09-13'),
(1536, 1241, 2, '104000.00', '2025-09-13'),
(1537, 1245, 2, '26500.00', '2025-09-13'),
(1538, 1247, 2, '34000.00', '2025-09-13'),
(1539, 1637, 2, '45000.00', '2025-09-13'),
(1540, 1254, 2, '22500.00', '2025-09-13'),
(1541, 1516, 2, '35000.00', '2025-09-13'),
(1542, 1258, 2, '40000.00', '2025-09-13'),
(1543, 1260, 2, '49000.00', '2025-09-13'),
(1544, 1259, 2, '30000.00', '2025-09-13'),
(1545, 1262, 2, '38000.00', '2025-09-13'),
(1546, 1265, 2, '44000.00', '2025-09-13'),
(1547, 1263, 2, '32500.00', '2025-09-13'),
(1548, 1214, 2, '57000.00', '2025-09-13'),
(1549, 1155, 2, '68000.00', '2025-09-13'),
(1550, 1249, 2, '40000.00', '2025-09-13'),
(1551, 1603, 2, '34000.00', '2025-09-13'),
(1552, 1159, 2, '56000.00', '2025-09-13'),
(1553, 1215, 2, '30000.00', '2025-09-13'),
(1554, 1194, 2, '40000.00', '2025-09-13'),
(1555, 1216, 2, '35000.00', '2025-09-13'),
(1556, 1203, 2, '40000.00', '2025-09-13'),
(1557, 1200, 2, '105000.00', '2025-09-13'),
(1558, 1543, 2, '36500.00', '2025-09-15'),
(1559, 1557, 2, '30000.00', '2025-09-15'),
(1560, 1589, 2, '38000.00', '2025-09-15'),
(1561, 1631, 2, '113150.00', '2025-09-15'),
(1562, 1638, 2, '33000.00', '2025-09-15'),
(1563, 1195, 2, '32000.00', '2025-09-15'),
(1564, 1158, 2, '35000.00', '2025-09-15'),
(1565, 1192, 2, '70000.00', '2025-09-15'),
(1566, 1511, 2, '34500.00', '2025-09-15'),
(1567, 1240, 2, '30000.00', '2025-09-15'),
(1568, 1226, 2, '33500.00', '2025-09-15'),
(1569, 1181, 2, '27000.00', '2025-09-16'),
(1570, 1568, 2, '36000.00', '2025-09-15'),
(1571, 1494, 2, '34000.00', '2025-09-15'),
(1572, 1628, 2, '56000.00', '2025-09-15'),
(1573, 1502, 2, '45000.00', '2025-09-15'),
(1574, 1399, 2, '35000.00', '2025-09-15'),
(1575, 1633, 2, '37000.00', '2025-09-15'),
(1576, 1539, 2, '162000.00', '2025-09-15'),
(1577, 1429, 2, '60000.00', '2025-09-15'),
(1578, 1594, 2, '33000.00', '2025-09-15'),
(1579, 1607, 2, '55000.00', '2025-09-15'),
(1580, 1534, 2, '30000.00', '2025-09-15'),
(1581, 1433, 2, '32000.00', '2025-09-15'),
(1582, 1564, 2, '30000.00', '2025-09-15'),
(1583, 1561, 2, '34000.00', '2025-09-15'),
(1584, 1468, 2, '40000.00', '2025-09-15'),
(1585, 1624, 2, '38000.00', '2025-09-15'),
(1586, 1419, 2, '55000.00', '2025-09-15'),
(1587, 1451, 2, '36000.00', '2025-09-15'),
(1588, 1648, 2, '30000.00', '2025-09-13'),
(1589, 1553, 2, '36500.00', '2025-09-15'),
(1590, 1634, 2, '38000.00', '2025-09-15'),
(1591, 1336, 2, '52000.00', '2025-09-15'),
(1592, 1334, 2, '45000.00', '2025-09-15'),
(1593, 1361, 2, '34000.00', '2025-09-15'),
(1594, 1326, 2, '37500.00', '2025-09-15'),
(1595, 1280, 2, '71500.00', '2025-09-15'),
(1596, 1280, 2, '17000.00', '2025-09-16'),
(1597, 1370, 2, '100000.00', '2025-09-16'),
(1598, 1487, 2, '40000.00', '2025-09-15'),
(1599, 1386, 2, '34000.00', '2025-09-15'),
(1600, 1627, 2, '42000.00', '2025-09-15'),
(1601, 1290, 2, '35000.00', '2025-09-15'),
(1602, 1345, 2, '40000.00', '2025-09-15'),
(1603, 1275, 2, '37500.00', '2025-09-15'),
(1604, 1560, 2, '45000.00', '2025-09-15'),
(1605, 1299, 2, '70000.00', '2025-09-15'),
(1606, 1649, 2, '34000.00', '2025-09-15'),
(1607, 1650, 2, '64000.00', '2025-09-15'),
(1608, 1652, 2, '64000.00', '2025-09-15'),
(1609, 1651, 2, '30000.00', '2025-09-15'),
(1610, 1653, 2, '33000.00', '2025-09-15'),
(1611, 1217, 2, '34000.00', '2025-09-16'),
(1612, 1563, 2, '38500.00', '2025-09-16'),
(1613, 1563, 2, '38500.00', '2025-09-16'),
(1614, 1161, 2, '36000.00', '2025-09-16'),
(1615, 1610, 2, '70000.00', '2025-09-16'),
(1616, 1566, 2, '35000.00', '2025-09-16'),
(1617, 1170, 2, '30000.00', '2025-09-16'),
(1618, 1162, 2, '28000.00', '2025-09-16'),
(1619, 1252, 2, '60000.00', '2025-09-16'),
(1620, 1540, 2, '34000.00', '2025-09-16'),
(1621, 1555, 2, '44000.00', '2025-09-16'),
(1622, 1541, 2, '36500.00', '2025-09-16'),
(1623, 1182, 2, '32000.00', '2025-09-16'),
(1624, 1482, 2, '40000.00', '2025-09-16'),
(1625, 1228, 2, '40000.00', '2025-09-16'),
(1626, 1220, 2, '33000.00', '2025-09-16'),
(1627, 1636, 2, '30000.00', '2025-09-16'),
(1628, 1206, 2, '34000.00', '2025-09-16'),
(1629, 1174, 2, '32500.00', '2025-09-16'),
(1630, 1339, 2, '40000.00', '2025-09-16'),
(1631, 1368, 2, '40000.00', '2025-09-16'),
(1632, 1369, 2, '30000.00', '2025-09-16'),
(1633, 1344, 2, '33000.00', '2025-09-16'),
(1634, 1343, 2, '33500.00', '2025-09-16'),
(1635, 1342, 2, '34000.00', '2025-09-16'),
(1636, 1270, 2, '29000.00', '2025-09-16'),
(1637, 1654, 2, '64000.00', '2025-09-16'),
(1638, 1312, 2, '28000.00', '2025-09-16'),
(1639, 1298, 2, '62500.00', '2025-09-16'),
(1640, 1355, 2, '31200.00', '2025-09-16'),
(1641, 1294, 2, '40000.00', '2025-09-16'),
(1642, 1307, 2, '34000.00', '2025-09-16'),
(1643, 1410, 2, '30000.00', '2025-09-16'),
(1644, 1514, 2, '32500.00', '2025-09-16'),
(1645, 1514, 2, '32500.00', '2025-09-16'),
(1646, 1514, 2, '32500.00', '2025-09-16'),
(1647, 1417, 2, '27000.00', '2025-09-17'),
(1648, 1424, 2, '32500.00', '2025-09-17'),
(1649, 1448, 2, '10000.00', '2025-09-16'),
(1650, 1490, 2, '70000.00', '2025-09-16'),
(1651, 1438, 2, '66000.00', '2025-09-17'),
(1652, 1460, 2, '30000.00', '2025-09-17'),
(1653, 1462, 2, '36000.00', '2025-09-16'),
(1654, 1612, 2, '40000.00', '2025-09-17'),
(1655, 1233, 2, '40000.00', '2025-09-16'),
(1656, 1232, 2, '34000.00', '2025-09-17'),
(1657, 1495, 2, '33000.00', '2025-09-16'),
(1658, 1529, 2, '36500.00', '2025-09-16'),
(1659, 1420, 2, '30000.00', '2025-09-16'),
(1660, 1431, 2, '30000.00', '2025-09-16'),
(1661, 1443, 2, '34000.00', '2025-09-16'),
(1662, 1567, 2, '40000.00', '2025-09-16'),
(1663, 1626, 2, '38000.00', '2025-09-16'),
(1664, 1397, 2, '33000.00', '2025-09-16'),
(1665, 1337, 2, '34000.00', '2025-09-17'),
(1666, 1338, 2, '38000.00', '2025-09-16'),
(1667, 1496, 2, '37000.00', '2025-09-17'),
(1668, 1276, 2, '32500.00', '2025-09-17'),
(1669, 1619, 2, '40000.00', '2025-09-17'),
(1670, 1333, 2, '29000.00', '2025-09-17'),
(1671, 1339, 2, '35000.00', '2025-09-17'),
(1672, 1381, 2, '40000.00', '2025-09-17'),
(1673, 1505, 2, '35000.00', '2025-09-17'),
(1674, 1657, 2, '35000.00', '2025-09-17'),
(1675, 1656, 2, '40000.00', '2025-09-17'),
(1676, 1655, 2, '33000.00', '2025-09-17'),
(1677, 1660, 2, '33000.00', '2025-09-17'),
(1678, 1658, 2, '33000.00', '2025-09-17'),
(1679, 1659, 2, '31000.00', '2025-09-17'),
(1680, 1661, 2, '48300.00', '2025-09-17'),
(1681, 1662, 2, '86000.00', '2025-09-17'),
(1682, 1599, 2, '25000.00', '2025-09-18'),
(1683, 1542, 2, '80000.00', '2025-09-17'),
(1684, 1168, 2, '37000.00', '2025-09-17'),
(1685, 1221, 2, '60000.00', '2025-09-17'),
(1686, 1483, 2, '40000.00', '2025-09-17'),
(1687, 1666, 2, '48000.00', '2025-09-18'),
(1688, 1277, 2, '35000.00', '2025-09-18'),
(1689, 1665, 2, '35000.00', '2025-09-18'),
(1690, 1664, 2, '40000.00', '2025-09-18'),
(1691, 1584, 2, '45000.00', '2025-09-18'),
(1692, 1421, 2, '33000.00', '2025-09-18'),
(1693, 1484, 2, '38000.00', '2025-09-18'),
(1694, 1502, 2, '45000.00', '2025-09-18'),
(1695, 1546, 2, '45000.00', '2025-09-18'),
(1696, 1558, 2, '45000.00', '2025-09-18'),
(1697, 1498, 2, '50000.00', '2025-09-18'),
(1698, 1535, 2, '84000.00', '2025-09-18'),
(1699, 1464, 2, '20000.00', '2025-09-18'),
(1700, 1285, 2, '3900.00', '2025-09-18'),
(1701, 1285, 2, '35100.00', '2025-09-19'),
(1702, 1306, 2, '50000.00', '2025-09-18'),
(1703, 1611, 2, '35000.00', '2025-09-18'),
(1704, 1295, 2, '66000.00', '2025-09-18'),
(1705, 1291, 2, '34000.00', '2025-09-18'),
(1706, 1154, 2, '30000.00', '2025-09-18'),
(1707, 1159, 2, '56000.00', '2025-09-18'),
(1708, 1623, 2, '37000.00', '2025-09-18'),
(1709, 1234, 2, '34000.00', '2025-09-18'),
(1710, 1609, 2, '40000.00', '2025-09-18'),
(1711, 1257, 2, '31000.00', '2025-09-18'),
(1712, 1641, 2, '40200.00', '2025-09-18'),
(1713, 1354, 2, '30000.00', '2025-09-19'),
(1714, 1347, 2, '33500.00', '2025-09-19'),
(1715, 1319, 2, '50000.00', '2025-09-19'),
(1716, 1319, 2, '36000.00', '2025-09-20'),
(1717, 1271, 2, '40000.00', '2025-09-19'),
(1718, 1587, 2, '36500.00', '2025-09-19'),
(1719, 1613, 2, '37500.00', '2025-09-19'),
(1720, 1274, 2, '61000.00', '2025-09-19'),
(1721, 1297, 2, '30000.00', '2025-09-19'),
(1722, 1296, 2, '40000.00', '2025-09-19'),
(1723, 1323, 2, '42000.00', '2025-09-19'),
(1724, 1588, 2, '40000.00', '2025-09-19'),
(1725, 1327, 2, '35000.00', '2025-09-19'),
(1726, 1622, 2, '40000.00', '2025-09-19'),
(1727, 1505, 2, '65000.00', '2025-09-19'),
(1728, 1308, 2, '36000.00', '2025-09-19'),
(1729, 1314, 2, '33000.00', '2025-09-19'),
(1730, 1407, 2, '64000.00', '2025-09-19'),
(1731, 1455, 2, '40000.00', '2025-09-19'),
(1732, 1450, 2, '33000.00', '2025-09-19'),
(1733, 1593, 2, '35000.00', '2025-09-19'),
(1734, 1651, 2, '30000.00', '2025-09-19'),
(1735, 1652, 2, '64000.00', '2025-09-19'),
(1736, 1416, 2, '40000.00', '2025-09-19'),
(1737, 1548, 2, '27000.00', '2025-09-19'),
(1738, 1585, 2, '30000.00', '2025-09-19'),
(1739, 1411, 2, '407000.00', '2025-09-19'),
(1740, 1467, 2, '34000.00', '2025-09-19'),
(1741, 1625, 2, '34000.00', '2025-09-19'),
(1742, 1411, 2, '40700.00', '2025-09-19'),
(1743, 1243, 2, '32000.00', '2025-09-19'),
(1744, 1501, 2, '34000.00', '2025-09-19'),
(1745, 1219, 2, '40000.00', '2025-09-19'),
(1746, 1513, 2, '35000.00', '2025-09-19'),
(1747, 1188, 2, '37500.00', '2025-09-19'),
(1748, 1198, 2, '64000.00', '2025-09-19'),
(1749, 1590, 2, '64000.00', '2025-09-19'),
(1750, 1221, 2, '60000.00', '2025-09-19'),
(1751, 1193, 2, '50000.00', '2025-09-19'),
(1752, 1236, 2, '32000.00', '2025-09-19'),
(1753, 1599, 2, '33000.00', '2025-09-19'),
(1754, 1191, 2, '28000.00', '2025-09-19'),
(1755, 1614, 2, '60000.00', '2025-09-19'),
(1756, 1254, 2, '22500.00', '2025-09-19'),
(1757, 1668, 2, '32500.00', '2025-09-19'),
(1758, 1667, 2, '33000.00', '2025-09-19'),
(1760, 1670, 2, '77000.00', '2025-09-19'),
(1761, 1410, 2, '30000.00', '2025-09-20'),
(1762, 1431, 2, '30000.00', '2025-09-20'),
(1763, 1615, 2, '112000.00', '2025-09-20'),
(1764, 1615, 2, '112200.00', '2025-09-13'),
(1765, 1462, 2, '36000.00', '2025-09-20'),
(1766, 1468, 2, '40000.00', '2025-09-20'),
(1767, 1420, 2, '30000.00', '2025-09-20'),
(1768, 1626, 2, '38000.00', '2025-09-20'),
(1769, 1419, 2, '55000.00', '2025-09-20'),
(1770, 1586, 2, '38000.00', '2025-09-20'),
(1771, 1620, 2, '36500.00', '2025-09-20'),
(1772, 1522, 2, '59500.00', '2025-09-20'),
(1773, 1624, 2, '38000.00', '2025-09-20'),
(1774, 1452, 2, '80000.00', '2025-09-20'),
(1775, 1506, 2, '32000.00', '2025-09-20'),
(1776, 1437, 2, '31000.00', '2025-09-20'),
(1777, 1463, 2, '34000.00', '2025-09-20'),
(1778, 1551, 2, '40000.00', '2025-09-20'),
(1779, 1398, 2, '32500.00', '2025-09-20'),
(1780, 1445, 2, '38000.00', '2025-09-20'),
(1781, 1510, 2, '6000.00', '2025-09-20'),
(1782, 1510, 2, '51000.00', '2025-09-22'),
(1783, 1451, 2, '36000.00', '2025-09-20'),
(1784, 1475, 2, '33500.00', '2025-09-20'),
(1785, 1473, 2, '52000.00', '2025-09-20'),
(1786, 1474, 2, '45000.00', '2025-09-20'),
(1787, 1562, 2, '25000.00', '2025-09-20'),
(1788, 1465, 2, '34000.00', '2025-09-20'),
(1789, 1648, 2, '30000.00', '2025-09-20'),
(1790, 1571, 2, '37000.00', '2025-09-20'),
(1791, 1608, 2, '31500.00', '2025-09-20'),
(1792, 1608, 2, '1500.00', '2025-09-22'),
(1793, 1616, 2, '35000.00', '2025-09-20'),
(1794, 1592, 2, '38500.00', '2025-09-20'),
(1795, 1441, 2, '37500.00', '2025-09-20'),
(1796, 1640, 2, '33000.00', '2025-09-20'),
(1797, 1265, 2, '44000.00', '2025-09-20'),
(1798, 1637, 2, '45000.00', '2025-09-20'),
(1799, 1160, 2, '30000.00', '2025-09-20'),
(1800, 1241, 2, '52000.00', '2025-09-20'),
(1801, 1239, 2, '30000.00', '2025-09-20'),
(1802, 1543, 2, '36500.00', '2025-09-20'),
(1803, 1644, 2, '38000.00', '2025-09-20'),
(1804, 1570, 2, '41500.00', '2025-09-20'),
(1805, 1570, 2, '6500.00', '2025-09-22'),
(1806, 1263, 2, '32500.00', '2025-09-20'),
(1807, 1207, 2, '34000.00', '2025-09-20'),
(1808, 1163, 2, '38000.00', '2025-09-20'),
(1809, 1179, 2, '62000.00', '2025-09-20'),
(1810, 1208, 2, '28000.00', '2025-09-20'),
(1811, 1605, 2, '33000.00', '2025-09-20'),
(1812, 1197, 2, '38000.00', '2025-09-20'),
(1813, 1516, 2, '35000.00', '2025-09-20'),
(1814, 1597, 2, '55000.00', '2025-09-20'),
(1815, 1639, 2, '66000.00', '2025-09-20'),
(1816, 1569, 2, '38000.00', '2025-09-20'),
(1817, 1609, 2, '80000.00', '2025-09-20'),
(1818, 1523, 2, '34000.00', '2025-09-20'),
(1819, 1247, 2, '34000.00', '2025-09-20'),
(1820, 1635, 2, '46000.00', '2025-09-20'),
(1821, 1245, 2, '26500.00', '2025-09-20'),
(1822, 1671, 2, '12500.00', '2025-09-20'),
(1823, 1217, 2, '34000.00', '2025-09-20'),
(1824, 1194, 2, '40000.00', '2025-09-20'),
(1825, 1200, 2, '35000.00', '2025-09-20'),
(1826, 1155, 2, '68000.00', '2025-09-20'),
(1827, 1259, 2, '30000.00', '2025-09-20'),
(1828, 1621, 2, '35000.00', '2025-09-20'),
(1829, 1250, 2, '75500.00', '2025-09-20'),
(1830, 1214, 2, '28500.00', '2025-09-20'),
(1831, 1269, 2, '70000.00', '2025-09-20'),
(1832, 1277, 2, '35000.00', '2025-09-20'),
(1833, 1282, 2, '31000.00', '2025-09-20'),
(1834, 1646, 2, '44000.00', '2025-09-20'),
(1835, 1287, 2, '34000.00', '2025-09-20'),
(1836, 1290, 2, '35000.00', '2025-09-20'),
(1837, 1617, 2, '40000.00', '2025-09-20'),
(1838, 1627, 2, '42000.00', '2025-09-20'),
(1839, 1300, 2, '40000.00', '2025-09-20'),
(1840, 1304, 2, '32300.00', '2025-09-20'),
(1841, 1318, 2, '88000.00', '2025-09-20'),
(1842, 1322, 2, '42000.00', '2025-09-20'),
(1843, 1351, 2, '34000.00', '2025-09-20'),
(1844, 1632, 2, '86250.00', '2025-09-20'),
(1845, 1364, 2, '70000.00', '2025-09-20'),
(1846, 1387, 2, '132000.00', '2025-09-20'),
(1847, 1392, 2, '44000.00', '2025-09-20'),
(1848, 1384, 2, '34000.00', '2025-09-18'),
(1849, 1331, 2, '34000.00', '2025-09-20'),
(1850, 1330, 2, '33000.00', '2025-09-20'),
(1851, 1281, 2, '34000.00', '2025-09-20'),
(1852, 1663, 2, '36500.00', '2025-09-20'),
(1853, 1663, 2, '36500.00', '2025-09-22'),
(1854, 1376, 2, '27000.00', '2025-09-20'),
(1855, 1311, 2, '30000.00', '2025-09-20'),
(1856, 1289, 2, '34000.00', '2025-09-20'),
(1857, 1288, 2, '60000.00', '2025-09-20'),
(1858, 1222, 2, '37500.00', '2025-09-20'),
(1859, 1673, 2, '84000.00', '2025-09-20'),
(1860, 1672, 2, '40000.00', '2025-09-20'),
(1861, 1628, 2, '56000.00', '2025-09-20'),
(1862, 1529, 2, '36500.00', '2025-09-20'),
(1863, 1401, 2, '46000.00', '2025-09-20'),
(1864, 1558, 2, '45000.00', '2025-09-20'),
(1865, 1494, 2, '34000.00', '2025-09-20'),
(1866, 1324, 2, '31000.00', '2025-09-20'),
(1867, 1417, 2, '2000.00', '2025-09-20'),
(1868, 1460, 2, '30000.00', '2025-09-20'),
(1869, 1429, 2, '60000.00', '2025-09-20'),
(1870, 1535, 2, '84000.00', '2025-09-20'),
(1871, 1550, 2, '32000.00', '2025-09-20'),
(1872, 1594, 2, '33000.00', '2025-09-20'),
(1873, 1607, 2, '55000.00', '2025-09-20'),
(1874, 1567, 2, '40000.00', '2025-09-20'),
(1875, 1446, 2, '34000.00', '2025-09-20'),
(1876, 1633, 2, '37000.00', '2025-09-20'),
(1877, 1675, 2, '38000.00', '2025-09-20'),
(1878, 1676, 2, '38000.00', '2025-09-20'),
(1879, 1677, 2, '1050000.00', '2025-09-23'),
(1880, 1642, 2, '68000.00', '2025-09-20'),
(1881, 1220, 2, '33000.00', '2025-09-20'),
(1882, 1252, 2, '60000.00', '2025-09-20'),
(1883, 1589, 2, '38000.00', '2025-09-20'),
(1884, 1180, 2, '38500.00', '2025-09-20'),
(1885, 1631, 2, '113150.00', '2025-09-22'),
(1886, 1603, 2, '34000.00', '2025-09-22'),
(1887, 1630, 2, '35000.00', '2025-09-22'),
(1888, 1215, 2, '30000.00', '2025-09-22'),
(1889, 1181, 2, '57000.00', '2025-09-22'),
(1890, 1555, 2, '44000.00', '2025-09-20'),
(1891, 1638, 2, '33000.00', '2025-09-20'),
(1892, 1226, 2, '33500.00', '2025-09-20'),
(1893, 1511, 2, '34500.00', '2025-09-22'),
(1894, 1158, 2, '35000.00', '2025-09-22'),
(1895, 1658, 2, '33000.00', '2025-09-22'),
(1896, 1568, 2, '36000.00', '2025-09-22'),
(1897, 1203, 2, '40000.00', '2025-09-22'),
(1898, 1246, 2, '190000.00', '2025-09-22'),
(1899, 1187, 2, '40000.00', '2025-09-22'),
(1900, 1618, 2, '33000.00', '2025-09-20'),
(1901, 1174, 2, '32500.00', '2025-09-23'),
(1902, 1610, 2, '70000.00', '2025-09-23'),
(1903, 1636, 2, '30000.00', '2025-09-23'),
(1904, 1541, 2, '36500.00', '2025-09-23'),
(1905, 1540, 2, '68000.00', '2025-09-23'),
(1906, 1482, 2, '40000.00', '2025-09-23'),
(1907, 1162, 2, '28000.00', '2025-09-23'),
(1908, 1206, 2, '34000.00', '2025-09-23'),
(1909, 1483, 2, '40000.00', '2025-09-23'),
(1910, 1557, 2, '30000.00', '2025-09-23'),
(1911, 1336, 2, '52000.00', '2025-09-23'),
(1912, 1345, 2, '40000.00', '2025-09-23'),
(1913, 1315, 2, '44000.00', '2025-09-23'),
(1914, 1378, 2, '36000.00', '2025-09-23'),
(1915, 1196, 2, '28000.00', '2025-09-23'),
(1916, 1645, 2, '35800.00', '2025-09-23'),
(1917, 1329, 2, '35000.00', '2025-09-23'),
(1918, 1350, 2, '30000.00', '2025-09-23'),
(1919, 1386, 2, '34000.00', '2025-09-23'),
(1920, 1487, 2, '40000.00', '2025-09-23'),
(1921, 1544, 2, '34000.00', '2025-09-23'),
(1922, 1283, 2, '30000.00', '2025-09-23'),
(1923, 1643, 2, '35500.00', '2025-09-23'),
(1924, 1280, 2, '70000.00', '2025-09-23'),
(1925, 1312, 2, '28000.00', '2025-09-23'),
(1926, 1294, 2, '40000.00', '2025-09-23'),
(1927, 1317, 2, '35000.00', '2025-09-23'),
(1928, 1328, 2, '40000.00', '2025-09-23'),
(1929, 1657, 2, '35000.00', '2025-09-23'),
(1930, 1348, 2, '30000.00', '2025-09-23'),
(1931, 1355, 2, '62700.00', '2025-09-23'),
(1932, 1305, 2, '34000.00', '2025-09-23'),
(1933, 1554, 2, '35000.00', '2025-09-23'),
(1934, 1634, 2, '38000.00', '2025-09-23'),
(1935, 1302, 2, '40000.00', '2025-09-23'),
(1936, 1381, 2, '40000.00', '2025-09-23'),
(1937, 1326, 2, '29000.00', '2025-09-23'),
(1938, 1368, 2, '40000.00', '2025-09-23'),
(1939, 1388, 2, '28000.00', '2025-09-23'),
(1940, 1507, 2, '110000.00', '2025-09-23'),
(1941, 1270, 2, '29000.00', '2025-09-23'),
(1942, 1654, 2, '32000.00', '2025-09-23'),
(1943, 1560, 2, '45000.00', '2025-09-23'),
(1944, 1353, 2, '44000.00', '2025-09-23'),
(1945, 1299, 2, '70000.00', '2025-09-23'),
(1946, 1291, 2, '34000.00', '2025-09-23'),
(1947, 1367, 2, '37500.00', '2025-09-23'),
(1948, 1367, 2, '37500.00', '2025-09-23'),
(1949, 1365, 2, '58000.00', '2025-09-23'),
(1950, 1370, 2, '35000.00', '2025-09-23'),
(1951, 1389, 2, '35000.00', '2025-09-23'),
(1952, 1307, 2, '34000.00', '2025-09-23'),
(1953, 1298, 2, '62500.00', '2025-09-23'),
(1954, 1275, 2, '38000.00', '2025-09-23'),
(1955, 1457, 2, '36000.00', '2025-09-23'),
(1956, 1484, 2, '38000.00', '2025-09-23'),
(1957, 1480, 2, '31000.00', '2025-09-23'),
(1958, 1612, 2, '40000.00', '2025-09-23'),
(1959, 1232, 2, '34000.00', '2025-09-23'),
(1960, 1233, 2, '40000.00', '2025-09-23'),
(1961, 1490, 2, '70000.00', '2025-09-23'),
(1962, 1433, 2, '32000.00', '2025-09-23'),
(1963, 1472, 2, '36000.00', '2025-09-23'),
(1964, 1564, 2, '30000.00', '2025-09-23'),
(1965, 1414, 2, '38000.00', '2025-09-23'),
(1966, 1466, 2, '44000.00', '2025-09-23'),
(1967, 1547, 2, '40000.00', '2025-09-23'),
(1968, 1681, 2, '50000.00', '2025-09-23'),
(1969, 1680, 2, '67000.00', '2025-09-23'),
(1970, 1679, 2, '33000.00', '2025-09-23'),
(1971, 1161, 2, '36000.00', '2025-09-24'),
(1972, 1154, 2, '30000.00', '2025-09-24'),
(1973, 1604, 2, '60000.00', '2025-09-24'),
(1974, 1334, 2, '60000.00', '2025-09-24'),
(1975, 1349, 2, '37000.00', '2025-09-24'),
(1976, 1496, 2, '37000.00', '2025-09-24'),
(1977, 1276, 2, '32500.00', '2025-09-24'),
(1978, 1337, 2, '34000.00', '2025-09-24'),
(1979, 1338, 2, '38000.00', '2025-09-24'),
(1980, 1553, 2, '36500.00', '2025-09-24'),
(1981, 1372, 2, '37000.00', '2025-09-24'),
(1982, 1399, 2, '35000.00', '2025-09-24'),
(1983, 1424, 2, '32500.00', '2025-09-24'),
(1984, 1567, 2, '40000.00', '2025-09-24'),
(1985, 1534, 2, '31000.00', '2025-09-24'),
(1986, 1598, 2, '10000.00', '2025-09-24'),
(1987, 1623, 2, '37000.00', '2025-09-25'),
(1988, 1641, 2, '40000.00', '2025-09-25'),
(1989, 1234, 2, '34000.00', '2025-09-25'),
(1990, 1240, 2, '30000.00', '2025-09-25'),
(1991, 1262, 2, '38000.00', '2025-09-25'),
(1992, 1600, 2, '70000.00', '2025-09-25'),
(1993, 1566, 2, '35000.00', '2025-09-25'),
(1994, 1170, 2, '30000.00', '2025-09-25'),
(1995, 1165, 2, '20000.00', '2025-09-25'),
(1996, 1584, 2, '45000.00', '2025-09-25'),
(1997, 1421, 2, '33000.00', '2025-09-25'),
(1998, 1472, 2, '36000.00', '2025-09-25'),
(1999, 1599, 2, '30000.00', '2025-09-25'),
(2000, 1678, 2, '35900.00', '2025-09-25'),
(2001, 1611, 2, '35000.00', '2025-09-25'),
(2002, 1306, 2, '50000.00', '2025-09-25'),
(2003, 1384, 2, '40000.00', '2025-09-25'),
(2004, 1297, 2, '30000.00', '2025-09-25'),
(2005, 1685, 2, '34000.00', '2025-09-26'),
(2006, 1684, 2, '30000.00', '2025-09-26'),
(2007, 1683, 2, '45500.00', '2025-09-26'),
(2008, 1449, 2, '32500.00', '2025-09-26'),
(2009, 1585, 2, '30000.00', '2025-09-26'),
(2010, 1664, 2, '40000.00', '2025-09-26'),
(2011, 1407, 2, '60000.00', '2025-09-26'),
(2012, 1416, 2, '40000.00', '2025-09-26'),
(2013, 1548, 2, '27000.00', '2025-09-26'),
(2014, 1411, 2, '40700.00', '2025-09-26'),
(2015, 1652, 2, '64000.00', '2025-09-26'),
(2016, 1651, 2, '30000.00', '2025-09-26'),
(2017, 1450, 2, '33000.00', '2025-09-26'),
(2018, 1236, 2, '32000.00', '2025-09-26'),
(2019, 1666, 2, '48000.00', '2025-09-26'),
(2020, 1614, 2, '60000.00', '2025-09-26'),
(2021, 1219, 2, '40000.00', '2025-09-26'),
(2022, 1176, 2, '70.00', '2025-09-26'),
(2023, 1159, 2, '56000.00', '2025-09-26'),
(2024, 1501, 2, '34000.00', '2025-09-26'),
(2025, 1258, 2, '40000.00', '2025-09-26'),
(2026, 1660, 2, '33000.00', '2025-09-26'),
(2027, 1191, 2, '28000.00', '2025-09-26'),
(2028, 1590, 2, '64000.00', '2025-09-26'),
(2029, 1198, 2, '64000.00', '2025-09-26'),
(2030, 1650, 2, '64000.00', '2025-09-26'),
(2031, 1188, 2, '20000.00', '2025-09-26'),
(2032, 1660, 2, '30000.00', '2025-09-26'),
(2033, 1613, 2, '37500.00', '2025-09-26'),
(2034, 1296, 2, '40000.00', '2025-09-26'),
(2035, 1587, 2, '36500.00', '2025-09-26'),
(2036, 1308, 2, '36000.00', '2025-09-26'),
(2037, 1314, 2, '33000.00', '2025-09-26'),
(2038, 1315, 2, '44000.00', '2025-09-26'),
(2039, 1323, 2, '42000.00', '2025-09-26'),
(2040, 1588, 2, '40000.00', '2025-09-26'),
(2041, 1327, 2, '35000.00', '2025-09-26'),
(2042, 1333, 2, '29000.00', '2025-09-26'),
(2043, 1344, 2, '33000.00', '2025-09-26'),
(2044, 1343, 2, '33500.00', '2025-09-26'),
(2045, 1342, 2, '34000.00', '2025-09-26'),
(2046, 1347, 2, '33500.00', '2025-09-26'),
(2047, 1354, 2, '33000.00', '2025-09-26'),
(2048, 1505, 2, '32500.00', '2025-09-26'),
(2049, 1507, 2, '110000.00', '2025-09-26'),
(2050, 1391, 2, '60000.00', '2025-09-26'),
(2051, 1686, 2, '25000.00', '2025-09-27'),
(2052, 1687, 2, '31000.00', '2025-09-27'),
(2053, 1644, 2, '38000.00', '2025-09-27'),
(2054, 1543, 2, '36500.00', '2025-09-27'),
(2055, 1265, 2, '44000.00', '2025-09-27'),
(2056, 1187, 2, '40000.00', '2025-09-27'),
(2057, 1259, 2, '30000.00', '2025-09-27'),
(2058, 1618, 2, '66000.00', '2025-09-27'),
(2059, 1659, 2, '31000.00', '2025-09-27'),
(2060, 1221, 2, '60000.00', '2025-09-27'),
(2061, 1245, 2, '26500.00', '2025-09-27'),
(2062, 1247, 2, '34000.00', '2025-09-27'),
(2063, 1570, 2, '20000.00', '2025-09-27'),
(2064, 1207, 2, '34000.00', '2025-09-27'),
(2065, 1527, 2, '36000.00', '2025-09-27'),
(2066, 1640, 2, '33000.00', '2025-09-27'),
(2067, 1241, 2, '52000.00', '2025-09-27'),
(2068, 1160, 2, '30000.00', '2025-09-27'),
(2069, 1668, 2, '32500.00', '2025-09-27'),
(2070, 1516, 2, '35000.00', '2025-09-27'),
(2071, 1569, 2, '38000.00', '2025-09-27'),
(2072, 1194, 2, '40000.00', '2025-09-27'),
(2073, 1605, 2, '33000.00', '2025-09-27'),
(2074, 1254, 2, '22500.00', '2025-09-27'),
(2075, 1262, 2, '38000.00', '2025-09-27'),
(2076, 1639, 2, '33000.00', '2025-09-27'),
(2077, 1215, 2, '30000.00', '2025-09-27'),
(2078, 1603, 2, '34000.00', '2025-09-27'),
(2079, 1155, 2, '34000.00', '2025-09-27'),
(2080, 1635, 2, '46000.00', '2025-09-27'),
(2081, 1523, 2, '34000.00', '2025-09-27'),
(2082, 1497, 2, '90000.00', '2025-09-27'),
(2083, 1671, 2, '12500.00', '2025-09-27'),
(2084, 1621, 2, '35000.00', '2025-09-27'),
(2085, 1197, 2, '38000.00', '2025-09-27'),
(2086, 1637, 2, '45000.00', '2025-09-27'),
(2087, 1181, 2, '57000.00', '2025-09-27'),
(2088, 1663, 2, '36500.00', '2025-09-27'),
(2089, 1292, 2, '50000.00', '2025-09-27'),
(2090, 1277, 2, '35000.00', '2025-09-27'),
(2091, 1364, 2, '35000.00', '2025-09-27'),
(2092, 1632, 2, '86520.00', '2025-09-27'),
(2093, 1322, 2, '42000.00', '2025-09-27'),
(2094, 1300, 2, '40000.00', '2025-09-27'),
(2095, 1627, 2, '42000.00', '2025-09-27'),
(2096, 1389, 2, '35000.00', '2025-09-27'),
(2097, 1643, 2, '35500.00', '2025-09-27'),
(2098, 1283, 2, '30000.00', '2025-09-27'),
(2099, 1545, 2, '40000.00', '2025-09-27'),
(2100, 1282, 2, '31000.00', '2025-09-27'),
(2101, 1617, 2, '40000.00', '2025-09-27'),
(2102, 1287, 2, '34000.00', '2025-09-27'),
(2103, 1311, 2, '50700.00', '2025-09-29'),
(2104, 1311, 2, '20000.00', '2025-09-27'),
(2105, 1302, 2, '40000.00', '2025-09-27'),
(2106, 1622, 2, '40000.00', '2025-09-27'),
(2107, 1392, 2, '44000.00', '2025-09-27'),
(2108, 1304, 2, '32300.00', '2025-09-27'),
(2109, 1655, 2, '33000.00', '2025-09-27'),
(2110, 1196, 2, '28000.00', '2025-09-27'),
(2111, 1331, 2, '34000.00', '2025-09-27'),
(2112, 1361, 2, '34000.00', '2025-09-27'),
(2113, 1330, 2, '33000.00', '2025-09-27'),
(2114, 1544, 2, '34000.00', '2025-09-27'),
(2115, 1656, 2, '40000.00', '2025-09-27'),
(2116, 1670, 2, '50000.00', '2025-09-27'),
(2117, 1649, 2, '34000.00', '2025-09-27'),
(2118, 1382, 2, '45000.00', '2025-09-27'),
(2119, 1647, 2, '36500.00', '2025-09-27'),
(2120, 1387, 2, '33000.00', '2025-09-27'),
(2121, 1288, 2, '60000.00', '2025-09-27'),
(2122, 1289, 2, '34000.00', '2025-09-27'),
(2123, 1303, 2, '157500.00', '2025-09-27'),
(2124, 1204, 2, '70000.00', '2025-09-29'),
(2125, 1252, 2, '60000.00', '2025-09-29'),
(2126, 1511, 2, '34500.00', '2025-09-29'),
(2127, 1158, 2, '35000.00', '2025-09-29'),
(2128, 1675, 2, '38000.00', '2025-09-29'),
(2129, 1658, 2, '33000.00', '2025-09-29'),
(2130, 1667, 2, '33000.00', '2025-09-29'),
(2131, 1170, 2, '30000.00', '2025-09-29'),
(2132, 1600, 2, '50000.00', '2025-09-29'),
(2133, 1563, 2, '39000.00', '2025-09-29'),
(2134, 1451, 2, '36000.00', '2025-09-27'),
(2135, 1420, 2, '30000.00', '2025-09-29'),
(2136, 1464, 2, '35000.00', '2025-09-29'),
(2137, 1475, 2, '33500.00', '2025-09-29'),
(2138, 1665, 2, '35000.00', '2025-09-29'),
(2139, 1480, 2, '34000.00', '2025-09-29'),
(2140, 1608, 2, '33000.00', '2025-09-27'),
(2141, 1551, 2, '40000.00', '2025-09-27'),
(2142, 1586, 2, '38000.00', '2025-09-27'),
(2143, 1620, 2, '36500.00', '2025-09-27'),
(2144, 1462, 2, '36000.00', '2025-09-27'),
(2145, 1467, 2, '34000.00', '2025-09-29'),
(2146, 1625, 2, '34000.00', '2025-09-29'),
(2147, 1433, 2, '64000.00', '2025-09-27'),
(2148, 1474, 2, '45000.00', '2025-09-27'),
(2149, 1473, 2, '52000.00', '2025-09-27'),
(2150, 1398, 2, '32500.00', '2025-09-27'),
(2151, 1571, 2, '36000.00', '2025-09-27'),
(2152, 1672, 2, '40000.00', '2025-09-27'),
(2153, 1592, 2, '38500.00', '2025-09-27'),
(2154, 1441, 2, '37500.00', '2025-09-27'),
(2155, 1401, 2, '46000.00', '2025-09-27'),
(2156, 1419, 2, '55000.00', '2025-09-27'),
(2157, 1615, 2, '112000.00', '2025-09-27'),
(2158, 1437, 2, '31000.00', '2025-09-27'),
(2159, 1463, 2, '34000.00', '2025-09-27'),
(2160, 1466, 2, '44000.00', '2025-09-27'),
(2161, 1522, 2, '50000.00', '2025-09-27'),
(2162, 1624, 2, '38000.00', '2025-09-27'),
(2163, 1626, 2, '38000.00', '2025-09-29'),
(2164, 1468, 2, '40000.00', '2025-09-29'),
(2165, 1445, 2, '34000.00', '2025-09-29'),
(2166, 1648, 2, '30000.00', '2025-09-29'),
(2167, 1399, 2, '35000.00', '2025-09-29'),
(2168, 1429, 2, '60000.00', '2025-09-29'),
(2169, 1431, 2, '30000.00', '2025-09-29'),
(2170, 1564, 2, '30000.00', '2025-09-29'),
(2171, 1494, 2, '34000.00', '2025-09-29'),
(2172, 1537, 2, '260000.00', '2025-09-29'),
(2173, 1662, 2, '86000.00', '2025-09-29'),
(2174, 1593, 2, '35000.00', '2025-09-29'),
(2175, 1324, 2, '31000.00', '2025-09-29'),
(2176, 1274, 2, '51000.00', '2025-09-30'),
(2177, 1295, 2, '67500.00', '2025-09-30'),
(2178, 1382, 2, '40000.00', '2025-09-30'),
(2179, 1386, 2, '34000.00', '2025-09-30'),
(2180, 1487, 2, '40000.00', '2025-09-30'),
(2181, 1345, 2, '40000.00', '2025-09-30'),
(2182, 1372, 2, '37000.00', '2025-09-30'),
(2183, 1275, 2, '37500.00', '2025-09-30'),
(2184, 1670, 2, '27000.00', '2025-09-30'),
(2185, 1388, 2, '28000.00', '2025-09-30'),
(2186, 1278, 2, '35000.00', '2025-09-30'),
(2187, 1281, 2, '34000.00', '2025-09-30'),
(2188, 1336, 2, '52000.00', '2025-09-30'),
(2189, 1320, 2, '50000.00', '2025-09-30'),
(2190, 1326, 2, '35000.00', '2025-09-30'),
(2191, 1328, 2, '30000.00', '2025-09-30'),
(2192, 1381, 2, '40000.00', '2025-09-30'),
(2193, 1633, 2, '37000.00', '2025-09-30'),
(2194, 1312, 2, '28000.00', '2025-09-30'),
(2195, 1294, 2, '40000.00', '2025-09-30'),
(2196, 1368, 2, '40000.00', '2025-09-30'),
(2197, 1619, 2, '80000.00', '2025-09-30'),
(2198, 1342, 2, '34000.00', '2025-09-30'),
(2199, 1343, 2, '33500.00', '2025-09-30'),
(2200, 1344, 2, '33000.00', '2025-09-30'),
(2201, 1305, 2, '34000.00', '2025-09-30'),
(2202, 1298, 2, '61000.00', '2025-09-30'),
(2203, 1280, 2, '72500.00', '2025-09-30'),
(2204, 1424, 2, '32500.00', '2025-09-30'),
(2205, 1350, 2, '30000.00', '2025-09-30'),
(2206, 1291, 2, '30000.00', '2025-09-30'),
(2207, 1332, 2, '30000.00', '2025-09-30'),
(2208, 1645, 2, '37000.00', '2025-09-30'),
(2209, 1682, 2, '33000.00', '2025-09-30'),
(2210, 1324, 2, '31000.00', '2025-09-30'),
(2211, 1628, 2, '50000.00', '2025-09-30'),
(2212, 1448, 2, '20000.00', '2025-09-30'),
(2213, 1165, 2, '30000.00', '2025-09-30'),
(2214, 1483, 2, '40000.00', '2025-09-30'),
(2215, 1226, 2, '33000.00', '2025-09-30'),
(2216, 1566, 2, '20000.00', '2025-09-30'),
(2217, 1589, 2, '38000.00', '2025-09-30'),
(2218, 1162, 2, '28000.00', '2025-09-30'),
(2219, 1174, 2, '32500.00', '2025-09-30'),
(2220, 1180, 2, '38500.00', '2025-09-30'),
(2221, 1220, 2, '33000.00', '2025-09-30'),
(2222, 1170, 2, '30000.00', '2025-09-30'),
(2223, 1631, 2, '113150.00', '2025-09-30'),
(2224, 1540, 2, '34000.00', '2025-09-30'),
(2225, 1541, 2, '36500.00', '2025-09-30'),
(2226, 1636, 2, '30000.00', '2025-09-30'),
(2227, 1482, 2, '40000.00', '2025-09-30'),
(2228, 1240, 2, '30000.00', '2025-09-30'),
(2229, 1257, 2, '31000.00', '2025-09-30'),
(2230, 1182, 2, '32000.00', '2025-09-30'),
(2231, 1642, 2, '68000.00', '2025-09-30'),
(2232, 1616, 2, '35000.00', '2025-09-30'),
(2233, 1653, 2, '33000.00', '2025-09-26'),
(2234, 1690, 2, '36000.00', '2025-09-30'),
(2235, 1691, 2, '38000.00', '2025-10-01');

-- --------------------------------------------------------

--
-- Estructura de tabla para la tabla `usuarios`
--

CREATE TABLE `usuarios` (
  `id` int NOT NULL,
  `nombre_completo` varchar(100) COLLATE utf8mb4_general_ci NOT NULL,
  `nombre_usuario` varchar(50) COLLATE utf8mb4_general_ci NOT NULL,
  `password` varchar(255) COLLATE utf8mb4_general_ci NOT NULL
) ENGINE=InnoDB DEFAULT CHARSET=utf8mb4 COLLATE=utf8mb4_general_ci;

--
-- Volcado de datos para la tabla `usuarios`
--

INSERT INTO `usuarios` (`id`, `nombre_completo`, `nombre_usuario`, `password`) VALUES
(1, 'Alejandro Quevedo', 'danqueve', '$2y$10$5CS55Dd/r5pAZq79aIuPP.VP7aLHpJrkuQZmk4IiTnfHiBwrUdw2a'),
(2, 'Emilia Medina', 'emilia', '$2y$10$N8iYUxHccNL1fv6iwM8NgOsJqGcausivvKkJ/675RWGAG/crX24nG'),
(3, 'Mohamed Mustafa', 'mohamed', '$2y$10$csppLQp/Xgfsqw8bJyS9ceXRhHOkxVIyRwXCNsHmNg7qDhMpF/kGi'),
(4, 'Agustina Leguizamon', 'agustina', '$2y$10$qcaaklMYWAGy5d3qtdPe8ehun8/DGrAgfVJCHyRHIk6NgqT/0WdUm');

--
-- Índices para tablas volcadas
--

--
-- Indices de la tabla `clientes`
--
ALTER TABLE `clientes`
  ADD PRIMARY KEY (`id`);

--
-- Indices de la tabla `creditos`
--
ALTER TABLE `creditos`
  ADD PRIMARY KEY (`id`),
  ADD KEY `cliente_id` (`cliente_id`);

--
-- Indices de la tabla `pagos`
--
ALTER TABLE `pagos`
  ADD PRIMARY KEY (`id`),
  ADD KEY `credito_id` (`credito_id`),
  ADD KEY `usuario_id` (`usuario_id`);

--
-- Indices de la tabla `usuarios`
--
ALTER TABLE `usuarios`
  ADD PRIMARY KEY (`id`),
  ADD UNIQUE KEY `nombre_usuario` (`nombre_usuario`);

--
-- AUTO_INCREMENT de las tablas volcadas
--

--
-- AUTO_INCREMENT de la tabla `clientes`
--
ALTER TABLE `clientes`
  MODIFY `id` int NOT NULL AUTO_INCREMENT, AUTO_INCREMENT=1798;

--
-- AUTO_INCREMENT de la tabla `creditos`
--
ALTER TABLE `creditos`
  MODIFY `id` int NOT NULL AUTO_INCREMENT, AUTO_INCREMENT=1692;

--
-- AUTO_INCREMENT de la tabla `pagos`
--
ALTER TABLE `pagos`
  MODIFY `id` int NOT NULL AUTO_INCREMENT, AUTO_INCREMENT=2236;

--
-- AUTO_INCREMENT de la tabla `usuarios`
--
ALTER TABLE `usuarios`
  MODIFY `id` int NOT NULL AUTO_INCREMENT, AUTO_INCREMENT=5;

--
-- Restricciones para tablas volcadas
--

--
-- Filtros para la tabla `creditos`
--
ALTER TABLE `creditos`
  ADD CONSTRAINT `creditos_ibfk_1` FOREIGN KEY (`cliente_id`) REFERENCES `clientes` (`id`) ON DELETE CASCADE;

--
-- Filtros para la tabla `pagos`
--
ALTER TABLE `pagos`
  ADD CONSTRAINT `pagos_ibfk_1` FOREIGN KEY (`credito_id`) REFERENCES `creditos` (`id`) ON DELETE CASCADE,
  ADD CONSTRAINT `pagos_ibfk_2` FOREIGN KEY (`usuario_id`) REFERENCES `usuarios` (`id`);
COMMIT;

/*!40101 SET CHARACTER_SET_CLIENT=@OLD_CHARACTER_SET_CLIENT */;
/*!40101 SET CHARACTER_SET_RESULTS=@OLD_CHARACTER_SET_RESULTS */;
/*!40101 SET COLLATION_CONNECTION=@OLD_COLLATION_CONNECTION */;
